0x30dc326c44a2e64fbe5a86fbc756d3f51a79f43c,10
0x45fcbd4e1652c7a1ab9bccc982a7b7dd5613d514,10
0xb0aca5c69ca0054f92ef49e89b4ed590391796b6,10
0xbf6788eabf9321d3bea6eee2cff5136fce675333,10
0x03f25e1af06e539a0c0b8390eb56b3f4d3d65577,10
0xd02df454eebf85278b3c257ebc880709dc5e96ce,10
0x50029651fa8824b3a49b739a275c229d908d66ac,10
0xebf367eda8fef77507c4b278cf822e50397d6fed,10
0x269a1560abaad3c249bc2db78d172e84a48da3de,10
0xc9d15f4e6f1b37cbf0e8068ff84b5282edef9707,10
0x619dba6a9494fea1f551810882d7bce91e374ae0,10
0xbfc6d49e7bee26e06c8f5c1886fd4c99554c93e9,10
0x2c7e69172114809eba5bcac3ecf496c665124627,10
0xabf82f02747aa5201baf069a5242bd00fc351128,10
0x0101eaee8d0013234c32936963ff504a9954220b,10
0xa2ce8bb4d2b018ed0f807adc835cb8100baeb9bd,10
0x37c1322d68734d011adeace6ad39610cc231bc86,10
0x794c94f1b5e455c1dba27bb28c6085db0fe544f9,10
0x0df506a50efd7880aaa69238af93195c4835105d,10
0x9c43258a7df43255db871b6237fe6f03318d4770,10
0x08ec41fdcb5f9cd49a2a9d76bbeef952a5d5739d,10
0x1e109d267da61261cb160cb6387fccc0463d6176,10
0x959e2a4db1fa5d56b810759f2e6d80a01eb9e892,10
0xdb4a1463014116628ffa8a41ac7ac68c1a2126d6,10
0x0fed91a2e5304ddc6201fefd756335195e97410c,10
0xf227a52d0bba36f1eab180e85e018adb42a84b78,10
0x999bcfa458ff2247c2b7b18652512f52cae3f839,10
0x2a0943057a4414d481742abb46709d61e162f62e,10
0x22a86031f028d7be4481e0333297be42ff016b0b,10
0xe6666cd611439a9a3500e8c0e14670dfbb5027c5,10
0x098915e7f9a03d9d452a642f33a650430ae18c79,10
0xb4f4738bc188e17ec3700bfb5b0476a9f2dae165,10
0xe0518b5d6bad6e2fee4e930efc489e6c6c0ab235,10
0xdabedbfe4b6f6fc6f238feb4d2e42ffe6069506a,10
0xd070edef4e2a3b3ea5037bc234c9e2111b84aaab,10
0x5367bd0292ba11352e38134b820a8f45b2a57229,10
0x171e659aba00c78e0e08c2c5e9c6b58c81199f16,10
0x90f15e09b8fb5bc080b968170c638920db3a3446,9
0xb212e85c263094dcc95fc98f646471440f0fa931,9
0xb6fb95507814728801b0ab7c32b1b8682d134d91,9
0x0391314befa3c5c52e560aefdbb5a1300f058935,9
0x17d50415e7f387b2e8182fbf444b95590fec92c7,9
0x4d87f05abb7ab6dc36a1cd956e15f28dfa2f381e,9
0x94535de0ee84f36343c539285183a98784f5257c,9
0x6dd7a2948b38bde6bd4503f8ef1ed71c700adb78,9
0x20f053d7e3a9d53d42fe31ae14eef996c3b5706b,9
0xad9d6a792c099007d0908904c677de2d254671db,9
0x1133f662e00305b5ba031e0995c848c10020c408,9
0xbc0f503e84994595d28bf120998c4dbac07477aa,9
0xf11e37f313f068b35e64b56eaf4294b41d479e35,9
0x0e6bf6cd095f9fa49d11b937489c7b0bb028b36a,9
0xb57660af3b39cdd42fd9661600130b6d1f4c07e3,9
0xea101abf2aa87e621caefeb64e6bfe34340b822d,9
0x7be74966867b552dd2ce1f09e71b1ca92c321af0,9
0xe3c862213b5a46dd3e6b74725780258a6845ad60,8
0x919a957a54d0688690722bfd3ad4e71b030fd6fb,8
0xd381932ef72fca51a6a23ffdd3b5e344f63e2b89,8
0x795a805d3bc88d0724dea1432f309b65caeef89e,8
0x6c54dbfb19dddf59a3de1514a2996b01019fdafd,8
0x1978843ecfe37aa75fe184dbb4b22103e0d40555,8
0x53f37b46249c94d1421d8676255dbe7f5e6b5b60,8
0xc1269b5614c6f5cc50affa5e62d403622c6cdb3f,8
0x3ef02b7922978a1200936de10e23c21499d795be,8
0xd6af4607ff31dd9dbd73a1eb902d89e059b28065,8
0x4843eeee9c10822e040d8119691da909192680dc,8
0xf56be3a4164afb7c71f3b89d8b88be5bb488e482,8
0x65aa11e500a03efa30dc6ea81700145554064f88,8
0x8c66ff8e9df09605de953baa3c6af23d2b8ae0b7,8
0xe965fbf5ce2d69da6b76d375638872a77880d62a,8
0x0b60abe5886bda278862b4cc03a80f502246f793,8
0x74fd108e59f6aae4e1f363c39edaf639ad70ead2,8
0x2cfbc2f649418c31ccb88cb5af1fb14d199b90ec,8
0x3a6f5cdbbc26058f6e6860c136024955f1ee419f,8
0xbc2d8ab884db859d10a64f42e0ae09a216c2ad00,8
0x4797a94741b2512c3236d61ca0195638c44deb4c,8
0x7f816fd189b978afccfd6c4acd1d7570ea4963b8,8
0x5866d07a1b9ac4fb62c732e27528206c4ab78847,8
0xe81be796b44e9f0f4187624f02a7207d12c3bae6,8
0xa7f91fdc0d77e3192bdfa517ae8ba43c83487b67,8
0x5f91a14a1f7bc81ea686df188f60271f268aa449,8
0x68bb5a6d14caceab866037b1502565f5bba17506,8
0x708f0da98f5e11c3e547ec3b6bff352bf760250e,8
0xff84620d77927460a780e20897058b0390a69748,8
0x3dff083d1b045fa637f114ecb7987a412a573e50,8
0xfb44496ef7ce7dc94da1ec9f45115c80bba1778d,8
0xc685c86dbe4e1cb80b54ac82e9d31a3aa1f2de70,8
0x7434577e3743c236b81b0d752d8ef4fb6752e413,8
0xaaefa1f5a034f0dcddaa265a115f96f62f81bedc,8
0x0c8c1fa0ccaa418955c3a98de004d6d9a88e8983,7
0x8daff7be83f1066de2873449ada2b7a33e3f6a22,7
0xb2b256b1ef6bf434cf84c5886a657e653cd362b8,7
0x60edeef1853be4c50bbf646f10fe35ae930e8f69,7
0xd0c33b6eb26fa171ff3cf75ed5143db57d8ad2f8,7
0x943321b83e478b32dd0e705bebf7ad65abbe5c6e,7
0x7ce1e36c5aa2686bcfcbf09ead826521c7332f48,7
0x651939523729ff115ac7632f27a11f29729849e1,7
0x8997ab7a3b626f334c85a161f02a58bb0f01ebda,7
0xc36f2fe0f39a46a45c89bbf92d2531f7d1389062,7
0xed4b105a72144600f9cd71249856241567316a09,7
0xea8fd9cf879cbba20c135b26950b9045b4bfdb53,7
0x058d83fc1b71d19046b7164b3d751e61c89cbb65,7
0x90a1400efe2639c14b5938a68950b0a9678748c8,7
0xecce99b4b41a8b27dc280cfb2ee5a55ebcb861ba,7
0x0a6b3a7a621606c648d7c1b30d34d503ddef4a07,7
0x5ea12341d073ec5a1226b85f0478413a19081535,7
0x598b4e92ff3ff21bd0089e5fcc6f3f0c9dd0156f,7
0x1a13975b89fb2e19a6c35ee38e22c9efacc837de,7
0x70b928900e9e853d2d6bef4998a74133ae7fc888,7
0x933643b3fc9b470afe8bf1b451d9d30e0a558cab,7
0x7f4476a098a0493571367be6bbe72455ec17b1fb,7
0x62824184b80d546ed740c5708dafbe5c25274f88,7
0xa460bb1d4aa3fe82fafc285404d5845980d2a808,7
0xef79d87834996d7712d0ba1111fa241b4e63ea04,7
0x3a059ca2b7cef069f021005e4713dfbeb91c5906,7
0xb9aaa5b02aa0835dde1eca9617cf624229424c39,7
0x72eba299088937ceaab3d7bde6234aee81a8bf76,7
0xfd035061fa72396d24ce299bb507b2d1c56f85bd,7
0x2061c5043115a58a1eaae3fe51bccb1f5235a3da,7
0x39fc357b2d7f35e4b72d550d855521b1c22db511,7
0xc349fb8db05686f2700b633b7a30b9a69bf1ed6b,7
0xf6ae6a97ae4d6c0f9bb14ae78dcbdd9015571803,7
0xdecaa1d0eaa8c405766267736fcec49e05825048,7
0x956bddae944f9730e9d8a33cd46fec6e07fbcca7,7
0xa5e432be154a09294d8abc4113471672fc26939f,7
0x1910e1b62760070af1bf076cf9dc29c8c35a048a,7
0x6def254f42e8f20dfbf208c59e5cd1658708ca23,7
0xc1e8a62e3c7cbc093fe83298989dfa41f7a915bc,7
0xe71e0d2b8b2aa3c5770c821006e8f60f9253f6a6,7
0x78f0d9a770b141fd5886e245bd47026814963834,7
0x1a7a143ff0a1cb20a2bc9fae1bb9fd4d26850c6e,7
0xbf4a389938d3273e1186805355de833df35747d3,7
0xac0d880cfc60204f21b9189147d6929ee268d92d,7
0xf54b9f632d7ea8ce03c4a8af3b0d1d5c0858dd9a,7
0x92b886d05c30677f1f596f35e8099b79fdd670db,7
0x3537fa9b18e1d6bd074fc2e3ee4162d913c1231e,7
0x0b22a02ddd7249a54b66d10888f947edac896061,7
0x55842426ecf8bc5ae830550e9cc8936ddccb253c,7
0xe44aadc83eba7c738ebc09d3b30da58d49e4b4e5,7
0x99a31d14423087c88afb86291d02bcfad430d4e0,7
0x29f3934c71b5a4771b59c910ffa41287a64c4291,7
0xe7294495206c1f5223d7f0c59b004ce971760541,7
0x3053709ba7e0b0a0b39a6877342bdff11b2142d3,7
0x1d6038a425059545996eb14e34cfb8a3b7791ec5,7
0x22bc8ed611717836d836fc03dda5ad6dccec54fd,7
0x4c4a8f8c8b5161ac533c3ded770093ba4fc8100c,7
0xb696d48ef52670cdfc719259d0e1bff994bcabde,7
0x66029401dc14079a1b0cdbb77d6403cd2df27562,7
0xfce0ddff77a7e9d6e71ceaa23acc3fd30495c804,7
0x959ebe8861481e0bc21b37444bef96167bad5834,7
0x23c53426c034167aaa74e015d1f724fdfb6f5cae,7
0xc48fe631f06aad34f712ce931435b9ac6f3aeab4,7
0xd481070e6d9834b903125b89093e3b922dd869a7,7
0xf5323911c4399ccc4f1073a4ba5b87c7ba861fdf,7
0xfb9b3f93973da37723b623b6ebd72dc1c7c8897e,7
0xc555347d2b369b074be94fe6f7ae9ab43966b884,7
0x60eddd852c05bb255d50157c01ceaf9a0b017e00,7
0xa6339c469dcc9bbee939c0e2a8ee1ad51996226a,7
0xa3aa6ab72a98238dc014550512cf5c459aa0e9c9,7
0xf2b2eb76cbd1b3fd585e5394c476e8f7b8a953b3,7
0x6879350bdac1f9c49b594027c999dcc389364dca,7
0x60b98edcd6ba1b4525af05c93db558229f3aabeb,7
0xb25024c421d4f8bebe468d3dc353e07868c99901,7
0xbb8153c2accc0a63cab2b824ac97404adcc7e2dd,7
0xf38c611b88a36c5b3f5da5107a4e9b71b3189448,7
0xeed2677cbb3f1338125df4f6778401a514f8f679,7
0xd6aea0120d585e8b4e71c3615b5f34094ca2e6c7,7
0xb3623d62ff30fadb5b2e127c07cab0d1b0808276,7
0x512cbca3e742297183a37dfefd40278c574bea99,7
0xcb6f0e5341ede98e027420b5479098c7760eb0fb,7
0x92778b744c7ab65b3ccbc4fadba7c37b324bd091,7
0x3b17b2508250510981b8ebecc7a2b3c5ecf10ecd,7
0x73d923358c8def832e4f7d5bc9fddb1ed5920b6a,7
0xcc6301e8f9f0279e400ed59a2288177e99fbb038,7
0x4368f61776a5a927e4aca2f665c00b61bfc32604,7
0x78d7c13e759a92a4d873cef7130dcb11c5e6e730,7
0x064cb0bb4c8abe11935134aee670c032d6833556,7
0x9ab0738ba32fe6f0c654908d41568b38ad700c23,7
0x26fd3cd6e47c2d8589db7e97e16285dc388c5c36,7
0x4befc34640b675e1e8f0c85c0600892cc858b0c1,7
0xddea69dfc51f77c0fe9c94e9ad4fd651fb99f5bf,7
0xd13839e9ab1270a8b0edde0d2d1f711bb4050262,7
0x0e5453c34dc7c90cde9401f9ce2eaed0b03936cf,7
0x96e9912f00c3e762b76c4088687248a320a99f06,7
0x3288ad9b8e7d32f698ac35de51ccc18373e33a85,7
0xd6743412dc4fbec2f051724953a57191f37f6787,7
0x4c4bcf47a33f62f0535f3b70147f2fa46f63e592,7
0xeca3be0887f8cbc9a8ef2c5d3e4b0b1ebafcab5f,7
0x9afc8bf27d746cb6b864ed1289389693f948957a,7
0x29ad59692cbf4e4e49e88873c8e51e5e510c3e8b,7
0xdec626061a0869a8d853e49ded9622fee7f0a8d5,7
0xa891fde42e982148b5f2f6b06f04be8e706a190e,7
0x7a46c513e0cd4b5e0b5bdbdf5a1a721cbc614c2b,7
0x435962305d3d17705fe00a8b498af2061abf50cc,7
0x4d234519eefb6beca8dd7d192939bb218218db00,7
0x44e8f6a55201d71539734c93976110bd0f7107c0,7
0x65e24442b16602d95883d2379ae7069a6de8910a,7
0xa8d5040bf6d02be09df157c3d8777dde21ee9690,7
0xfb9fb553acaec0d991acdbbcc3fd837b3f464270,7
0x534c07b155f9add1a95e268d1d0ff56fe429857c,7
0x837c69048f606a30b82d4725218be01f1ca35306,7
0xc49848dead322d702b71ad7631a9183117a95282,7
0x168f5c8e2bb5c2ce4a60a1bb31bb947a0b10d008,7
0x2268606f89189ae4f87df5e4dc4855737dbf7e94,7
0x838e8dc6d87dfc6af2ccd64264fdac41331ec921,7
0xed6208d73f99d423355b85067f8c4ddc6a78c0d1,7
0x43d79651211ef5f14664a72ab7ca5ddd5e640ff4,7
0x18a428ce0c31584a21cf8cefdb8849d8013e1994,7
0x719ba0ce69c17b19ca3395b9f2cf5c945df3ac55,7
0xf1f6d3ade2c6419730e60a7bee8baa8a6789b87a,7
0x9122e747fd487ba823b9a7e06d4cede9fb10a054,7
0xa3b583470a53aeb2848d9b24d0f385be40cfa127,7
0x64b37a57a37872b1d54e36cc2ffdf200af29b6e5,7
0x991ee12ae56258689610b99aed0eadce3b7319ed,7
0x76d7a826f1fa5204925856ea9c209245be469a10,7
0x4f61d860c40f362032a3280057c7659355e885d9,7
0xc12ffe2735301127089465e5b0639e6b51725ec5,7
0x641ff66179d9c851e7b311bc162fc0d059f0661f,7
0x71003e485e0203e5a7a3ee4abcc9629dcbb4c3c5,7
0xa811c417506720d045523c76cbf448407301a595,7
0x535a69b7dc38c2a43bde03a4a05fff0229bf1cba,7
0x3ffe64ca6e8ae9b1ea9f3e742447132d6b72131d,7
0xa111d43246276420bb78278da345ba1711cc3f28,7
0x228e3959467eda82b1008c97b395ce23850c1b43,7
0x249219b99faff512dc3948903f4f44ac2116143e,7
0xb4db3617b76a04acd4274987e93fa2d92ffdd4a3,7
0x5ea5ecb93599caac6b5b57b2ce776e234794e79a,7
0x1beb41039f3b752730e8121e88fa4e8441f7bd54,7
0x28badd4c4603d3ffda223fff00cdf695402ee4de,7
0x22b35e8dc96e54eb7a604069ab899237ae09bdec,7
0x9bcd816e3a046d03256f2c351b6b2336f82533ea,7
0x2293d882c9032ddcd7719e263bd56c1a0db56f5f,7
0x79155bf78b240bf43849de68797acbf8eacc07b6,7
0xf4bc5d8a1c336b804ee3ec4c1a2a3e1c0dafeb17,7
0xbd4c65284aac565ae296fe3cd5ad9c9753272dd1,7
0xd9012a2153f08c0a97bc4916782bfdf174bb9e9d,7
0x71dc4e763daad3386c1a1428ae34f488fcb8d67b,7
0x027fc383d96b153f91eea0b470db8ad3a4d32dfd,7
0x6d078d24b0cfbdb4387642b5ee46120c5a0914a8,7
0xf365f80d9d13acc79ff3221dfdda0dc621e516c9,7
0x3af7e8cfe7582b3e0ab3ed47780e3b8518e5bc03,7
0xbbfa3afa95ced603fe815914dbd7a89aba0604db,7
0x58fd7e37d15b2e09cceea7be4dee79020b1d5af1,7
0x211e859583370979123fa9dca6c282f0f53accae,7
0x0bc0f40d9b2e3c90db8297e6dadb36c3a6ec51ac,7
0xe40ec9bd4bd0484675189029d3be46eccd5aa53d,7
0x9f8b4010868dcecead198cb2eeaac151bdb653c7,7
0xc124e35c52fc187f3dc36af81acda0073445c662,7
0xa309fd57fba45945e5c1ecf08cbd0035d4a20a3d,7
0xae3754df0459fa3c5a65a90155d71e09c9a604fd,7
0x617ca3c3dd400666a4160a0650bc6dd65d09ecf5,7
0x64c57ba95cfb5f3bc3ad9c4ce0a1e9fb8ba311d5,7
0xf6e615512f5d87cec670e460f1422dad14fa31b6,7
0x9700175db18babe40a8054865d6d07961b8989dd,7
0x3fa666a70823207103855421c26ff088373b17bd,7
0x10e4de14fbd0f71665d05336ea9b74b4c59b56b3,7
0x701b81def6df6f9457640ae4549c7b9451926b44,7
0x52c75a541cf828e610bd0ad337df38dea01a51aa,7
0xbac17eadc8c1cb94e59fa54f7e988b09f5ec58fe,7
0x68871d855ce3b3bb6f8ad66c5f8e85cc4052722b,7
0x1a8bb79dcc548d89c026e9bd7fede4a71b0b44a9,7
0x8dad749034f3de19718d54484f56141fdb80539d,7
0x874eafdfe998508d79e47ca5d321de11cd438372,7
0x4be718ad17b60baac7bc641d3795384dc237d937,7
0x882a1dc24d2b644742b142dbf4e7e4c52fd10d47,7
0x338b48dd6dc3728bca1ccc060b60417275ad87dd,7
0xb68d034c150aaa85db260aa3364dc2085828c5a1,7
0x8b30badf5cd3d04b5bce33fcd6db887450062cce,7
0x4f098f3429d43d080ba0c8ec27a1ab7dbcfb85f1,7
0x9e30bec1e31e06ab60c331fe342f792bb98cd0b1,7
0x49445612ede0b56c0acf0cfc7c866f5d33ab2d75,7
0x7f65a445bed468ee0a49494bb387461658a736e7,7
0xf66abec43518a07f691432e280e02710984a9929,7
0x1a94180796266391c41ed7ca31dca1a520441b4b,7
0x35806d53f3f1fb602faf0e6d25d9ca33b233f7ea,6
0x4f6f48f63d6ac42a9d8f92f8312851c7aaeb7475,6
0xe4dc782ce8047d9a24eaef674f175c970fc8bb72,6
0x5623653b86921e316f481f5c5eadc89e1809e5fe,6
0x703bb3316a13da0f0069c4fb3ed817ef0ade6be5,6
0xbe5515c451c6a867c4a89b31e26d1312cd1ed730,6
0xbcdda8b1238d0b5614e6e41e5c37b0d303e7e794,6
0x8226100446d03dd35848bf743bb71b5eb47f6c69,6
0x5fe71465110b38bdcf49a621e74664231eef2979,6
0x337d1a6db72b4c662269c8644e104a4d916bb4bc,6
0xa32225905a612d9a49fcc4bda69d0b9cd8c9e7c5,6
0xade9e683cfa84d4c47d74de76afe8c4d7042eb2b,6
0xe242ffec125230569c592e26dea977e3b880e966,6
0xd58232c9f809c7d808e03905d08d144d02a5c3c3,6
0xefc246eba920ba2827f5c9254c67fed3a91d3d19,6
0x1e66ac7f97e77036bab152af329c7a5a541f2366,6
0x7c8f39f35ba890be972d2ccabab0e3dc99a82001,6
0x57ed1d5645ab611a52ca26693de7ce50a4138e21,6
0xf2c440c17f30e7ebeb1fd4d0cbc1f415877526aa,6
0x1056fd290d8bed639f83001b2149113f8e3dfa13,6
0x1573718605deec37245d0c2b6c32d790797862b2,6
0xef5363908cc122374176b87f1b0696fa80bf0058,6
0xe751970824f3bcbf97e611e351c1136776be1ce9,6
0x5cca6f9963445ae6b9b0e770df1c221071ef906f,6
0x3eb44a3531db46a494e08689943a9f2dd9e938db,6
0x8b901e8ee3adf68652c776742ab9ca791637ceff,6
0x6613eea6e7a08008126e028d1a6bd80ab53e800e,6
0x18ee48d47e421b8a0f1f035b4f47970264b770ec,6
0x24b15a904e96e92229aa91f89aaea39f37251aaf,6
0x6ffbb6c376d0cf590289671d652ae92213614828,6
0xbe8f5c0b7cc2098b967fb812129f546b83a32a90,6
0x5f0ab641ec7240bd9f6885b6d8c15b177f1a8cae,6
0xd65649def2f91c90e06613852749efd3a25b71c9,6
0x997d8ed223d8dc9cb7f6210a205210c63dd0c86b,6
0xa63b833c4bb36bf5e9d1c981fb17a4ff37dd68f3,6
0x5b80451a6bc7a512cd5edbc030d18ff4ba89bb62,6
0xd5f652068f02a91d0ee5cbc8c226af61cb76efbc,6
0xd69e4b4cb397c206d7a4aa0e73be33d22728c17d,6
0x333e4d8f51959c03b4339f580127fcb8f38518ee,6
0x58203dd7b18b262f7a422f75d79cbb230752a74e,6
0x3a0b91279bba971f446ddeef97d4e1dbb628d713,6
0xb96cdfb0486bf4c6ef558558dc351883bec7d263,6
0x586286a10af4d684a8d62837eee7331ae6129b22,6
0x15b456b6b440f6ad7bed57d3dee84c2250d81a9b,6
0xdbcaeec5ffe2f775c7bd6f1576ac0eb0f327a085,6
0xe53f8cc868dc2e0fb1da5bd1b5e6404600a6de22,6
0xfa173f55a61bd5292778d9daa13cd12b86cad1dd,6
0xf519363b26ab80f22c953e27db1e1b9e053d1a34,6
0xd446949608ddb923931d95a2d5843b9e98352790,6
0xb3f3c3261c0f4baaf75221ed121507464336a783,6
0x60c6743cd8c5fc97897eff8833fe6bb105e6442d,6
0x5b993b7e7522c4b3207f4fcb1bc1a69dfabed88c,6
0xb25704c5ea00e3fc297008313a44ac53b9f70bc0,6
0x0d881ab5b0b6fb6481e5d5ad65c989bfe4b5abba,6
0xd06516477f2b7a8e42e71551a5740e32a9d9a2d0,6
0x78f920830044321b29cf5f3e5cdd129961918e97,6
0xf76ebe7414b0cdbabdb9f002b651a4b7a4b413ab,6
0x0ba47777592a51ab31702e5de27689a5466e7023,6
0x0af9b2093ab1f2fafef9f284862e709cbbf0adcc,6
0x25a3b3d3f65cd6d1e80bd9e2ad0e0b0faa5246af,6
0x2cf98a9efe8147bfb7643783389190276a28c095,6
0x1b06ac50a6ae17a665523048edde2f36c2fe52bb,6
0x3eb2efe514d73f9ce521e65e1466c9374736016d,6
0xf0783192f2257b0942807f5847cca1d51ffbb3e0,6
0xc590b450ab0c6b34af1ba65e81fbfc0526712fca,6
0x3ccd7b219252d561e3e555da25f9dd122af94bf1,6
0xa90e7f6bd725c79fd30c30b784410ea3bbd655b1,6
0x1b88b5146ee88ae1f0621239a94dc705047a61e6,6
0x592467de8e2d90cf2ef255b27d6acf3afc32a43c,6
0x4d8ee4c4583801e9493fc964eb6e2dd783c16f8a,6
0xac2c7ad65f0c410b860e68071ab3c481a36a8328,6
0xe36cc0f3bd76fcffb83d60044b2fa65de5ba71db,6
0x60d5424fecac58aefd1a071ba225f9ad1b5e4f2c,6
0x80ef1b2c0dad1dfc06ded4862c138104e7ae7047,6
0xf0f40213a598dc2956c14c9e3a3bc3bc549903cb,6
0x385955cef0fa26921de9a76bbea1f9f62d16fce8,6
0xc505842662eca88435c84bd852f22308f8599e39,6
0x9591b078d68f766ef5d1a7023190fc712675bd33,6
0xe1540396848879d58eb526feebb950d223def164,6
0x4d4d1f7c82e69468a7b04015b50d41d79b19524c,6
0x9009fe723f791099aedd971345c115f2423dee74,6
0xb45c5f06cd106520423355903dcb1b0606fce944,6
0xcd4a067f48c2079cb04c38cacba780801a7ee690,6
0xbcb4c8386c097589e7825aaeb9e7c6295835f1d6,6
0x7797c5f43d78aa4f277f0c35a5ce992413214c4e,6
0x673282def24fcc410a0988d9615c72b46410a448,6
0x78e09dc6496c698c95ffe59e47c7d353439d41f8,6
0xe244d17dc238ac6a303198735110c57be6f0b59b,6
0xf8ff5748b38acf17d4d14111d2ea8fb2744c2cbe,6
0xa2f68660059ce99d83d34ebdfe46af8e2e0e78cf,6
0x1020ce44365d7052b715bfe59019c96de8ccee3b,6
0xbde848b0388c19b47d27790c427cfbb12a8b797f,6
0xdf974829f6d977370b21e065ae445390cb9d010c,6
0xc3ab2c2eb604f159c842d9cadabba2d6254c43d5,6
0x7ebd262925ec3a8da45a47f681097b1f621375c6,6
0x4d35c6f6469d7178c5e3b0626ba3e3c09023b2a5,6
0xc47fae56f3702737b69ed615950c01217ec5c7c8,6
0xc6eba1743c1f01846acf93dbcac5261779fd1686,6
0xc97298314d4fd96b1346c182ee9e5f38f15dabb9,6
0xc6ef05d9e86751aa7647939b9484bcbb0cb5710b,6
0xb3366266aed168916ab005f1799a61d172b9d074,6
0xc7f8f942fbd451156a76a63b6da1b3e0348b45bd,6
0xb2c3379dd2774f1e8479146e98d6e084d8b995af,6
0x5c546742775584a8b9f581491d5b09af3f97de26,6
0x9d80b6ee104f2b597655273c9ce32b02f09573ce,6
0x0d869045a18ac7969ab895e1e47238ec12b28425,6
0x4be01f268352e0a161bbebd8862855822a8b6a77,6
0x6beb3c7c915894c4873faef004e4417a89c9d8cf,6
0x5485ab100b326096e7faf946ff0cbb349712637a,6
0x3c121cdea0efc46a6282ef118260d7a89b1eb819,6
0xca2f820c997e836edc66e749f043642309de4685,6
0x77a3d2eec514b8387c84d267502c9a96a193c054,6
0x695b8737cb7b1edf502cccca0b79ed869e59328e,6
0x4584e008a59e15070ca3e748078a02a71037be6d,6
0x7ad52a4d6c3f739f6268c2b6822c92295c99b68d,6
0xe71f4780b3a310e4534b4d7343180d6d24f31a41,6
0x0348f947d06e1234f91a6e1a2400e1427e2a8922,6
0x37ded80a091831c4b3293add5efc8ff23a1da95a,6
0xa2b2f10a3c542fed3a53654cca97d34f628f55e3,6
0x765c0d92b5ba540a170ee66c477461ca5c51fade,6
0x5ecc2652685d8e0e4ad1eb3552313c65c50aef34,6
0x490d7a73109e5dd8b61690ae3ebf8aae6c39155f,6
0x08aaa30a8a9bb3320ec82bd254ae08211dc24152,6
0x5377f4c635c3fcb216ae2a5af31888d774fc3f5f,6
0xe9ab84567ac1ae8b8b17ab6da2af19f261893ed9,6
0x27c8d093834ab4f257ff45fadf4a614e7002d8df,6
0xa0eb67edeb16575104d3ab81bda41d85b00f7405,6
0x4ed37af73255498f4e8196e35b8f00fe777b2114,6
0xf124b0b4f4900ec55f257920edbb28064f1a4b7b,6
0x61dcd613bd17a350bc9a39b8f582c27da0e914c9,6
0x9d911ed974fe8e28233a8e39e199b016b47625fe,6
0x07085f0dbaaff3c4745588eaebe4972e620825f7,6
0xad04f1b09cb78d20759610df2a887c24b0bb5f20,6
0x8378aec3e73dd2bcd8a27e26499b5611bd7f09a4,6
0xd7ad8690e890221141d8b9b698820bdf52419012,6
0x00b398f7f7975b4e3b37ed4a044808423bfdcd34,6
0x90f6104f361af204d6d2f749a6e8d819aa6de7ef,6
0x9269cd55272f82bb0294280f4f3a09cf38655816,6
0x94273d73cf1ec5bfccd76a1faa724fbae865d3c3,6
0x7ad21c2ebf28c0a4ba3ed0a59d63ec45846b3af2,6
0x31d426819aef6e4f69203bbac9f5a0e0dc4f39d2,6
0x2d02ad955baa7b191f7a7eccb8ae6eab1dd8edaa,6
0x16af152145aeb1c7f9411c1ca5c36423d9a0d863,6
0x3416baba090f1fb87998f73fe1ae625f38865a64,6
0xc8ab07ab8be64689f0e587eb4c3d6e4fe6865845,6
0x2fd8d19a815d5f8d27b9029f0a960155337a0efd,6
0xe4156395efb1aefa381c9956eeee50df8c927565,6
0xb2f32e4e16f4def4a3f5e3c45b7c5a136c2ca322,6
0xcedf30cff59c576805b739d70d9950c7086e067b,6
0x6b02187fbbe1fe14846765397967e65e7ac2e608,6
0xa7d2ceeaec5d2b0048a83430dc91e0d7088d61b7,6
0x34c266865dd4381c8a627a361d52769863c8a8d1,6
0xf25cb87fea822952acfc5ac1bc87cb349aea8592,6
0x96853650100e22a8bb7d3ba2c227680cb994d3dd,6
0x7281d47814ad6602b627fca929fbfdf80656f820,6
0x03df309ea769d49e53ecef1940d00a0df2e2bef0,6
0x7f3fef6841ceb9fc423995d4bd6b9cb152090e3b,6
0x3fe44a68aad639444a3a57eace30f33ac54753d6,6
0xb12a9d1bae6a2220936734792390f5ee5cc8a3e6,6
0xb8b22074aca06070e2cf30d0581f7e91df96cbfb,6
0xad2b9ab1392664de35d8f5e1b9709f9ef3734b31,6
0x07cbf3171d5d1724424e72d404aa01f292b905c3,6
0x68361a593d906c5be29b37e4ea9d868a92789c0f,6
0x591f182137bfa8f8ea53df5c5dd73e3a89733d92,6
0xf37c01fb8b4171d7e5c59dacf7d657d69a5e40d6,6
0x8df7e8b755475e162a2ca4f8eb68a81fe28ac6d9,6
0x5fd72c1a8e0e54b0d763004c951cc59176301295,6
0x728f761010cd750072fd46edbc13f3c7760b2cb0,6
0x957e127a1d299e775b6e4e3cfb061c4b1407ee14,6
0x96252d2668a48802907b42ebda1d070c987c3b6f,6
0x7d271e52f736127e1b02ebf8ce37bc2df0790ae0,6
0x2b4f70632b4cefefa7a39d3efc6b429d8248bc30,6
0x48cf1eb665940c69cb72190ec907663879624db0,6
0xe15dc8b8b73fb4e5483af9472631c42ea5a70ca7,6
0xf34b663e99ad94b03647e57dbb50fe8a894e4b3d,6
0x398525108d15f962810e1d61048687898b1b2d24,6
0x01d2862da9d4fd9542d60bf9f769888435707176,6
0x1be2acde9196390d4f1134558ca3d07148456b42,6
0x95232087c4c2fd43d10d80d75b725dc8876b5226,6
0x4c0f3359a4ef3a4a2bbee138a34777c102e40848,6
0xd7ea73d1e83fcedb88d5c8485e72e536d16bb3ff,6
0x128579227767c99c567284a5e895eb66c7d17f60,6
0x9a2270b2f51423d0434ed10b7a55531374881f4d,6
0x17908a394f598dd264f2e78674fb3b11becdaccc,6
0x72a0b75e4c7229219678e7194c05df2f54a9bce0,6
0x7ae5d300f6d7e3dea8cd0a2ad51ab76804d4263a,6
0xb7718e1c7fe38359ded588a3e287346204ed6989,6
0x8343352742f46b9edc77bc436f4a843a299984a1,6
0xd02967a2b302d4f43d2b2219310524b13e510bf6,6
0x8fa3a8bd99ca7b8c7cc2a0570f9d3e453c95e234,6
0xdb473013a8f34534223901e2c1156a75c3fc3fa0,6
0xd93ed38a3a8df3aade75aad292ee5121b3f76cce,6
0x9de6a89bfb745f47e2fb43a350e72a845ec3b92c,6
0x1f4738f72e32af8f29f46291dec9ba2ddd6727d7,6
0x4b272aa0150410b81d1725b063f5ee55004c4ade,6
0x33c5e4ae2677be8bcd1a88fac67fd924415362f7,6
0x3b606b9eb0098f40b502346d160ebcbb8932e4b2,6
0x8a8e24183d767cd0493348cfa270ba96b873c908,6
0x04f9476a5607061a18161fe157af5792ea3f1f22,6
0x8066175fd205c9cba5e5a63ff0b592ca595006d4,6
0xef78de8f856e033d8e471422190264cd372bb119,6
0x5c1edcb86310ba7c25efa4a0c98976ca1e373431,6
0x13477db08a3ff493d615a372961b89bcb82a4b31,6
0xf2501f827194dda97b58f163329fe5770c2e0043,6
0x785b9d476eafb1e81f83dc539ea95c15e7bdc3e9,6
0xf53b3898608ffcb7550d4111ffb868b390e516af,6
0x2b691a981e4d1cd37d5f4b84aaabd0798155eb27,6
0x3a9203c7050a943478c0e3748403f31dc4a854ed,6
0xc7b2e6c16e0a34f15a2a6d66c8e9a37fc5a397fc,6
0xba99ee7c8ac21cf96e6eb8702caa2cb9250d0f97,6
0x0c828ade485e1d842a19e326d70c48d4fb816654,6
0x2279407d69f57be41fec1267207b795a95e9150b,6
0xc3d95d9a3be50dbef7fe71eca68eb7674ebf3aa8,6
0x6cd11e5a6a2862965fb24badc7b0abfbea51821f,6
0x3a985f1b6b40035faa7956541d8394d99641f221,6
0xcc0a1c7a20f4a1048b4792985e7c643f09325ea5,6
0x7c1b4a9a223b5ab96244e2cd96192c8328e36a6f,6
0xddcfc6f09a26413c2b0d6224b29738e74102de04,6
0xe43f9c3c4911598b765447a9f7a5c9ec075b201e,5
0x758e979f35930b80cdcdba681a7d498766ca2784,5
0xa8a5ad9e1f3de60fbeca06fae255f309586a61c3,5
0x380ab9a40de8f04e7e4ee2c717882c6636973a49,5
0xfa7c56e130666d78d5cfc5804e2bf98b545548bc,5
0xdaf7bbe20724d2dd7717e0e09a06b572c3a112de,5
0x07308c5af912a6f49f46be51ed5f76cf4481bff5,5
0xd90676d2548c74250b827c70f4afe20189d6a3eb,5
0x8a5401909f803cd4267f32bc1a42c0f9bc122099,5
0x0b776552c1aef1dc33005dd25acda22493b6615d,5
0x17e5a662b373673475c51b6db9d79bd291dce573,5
0x281593b136d1cdaabc263db775b5a4d996b371be,5
0xd6918ee3728706388dd3937c51f0d4d69ba6666d,5
0xe23924e164d80ad4badac85d077859294fae18b4,5
0x28f42e07f04e40a0743c33fbed62b3907d90f9a4,5
0x2758f6929c3a480b4405799297c9825c663c92b5,5
0x2b1c729e79e76476970f0aff8bc9b4258a513f72,5
0xe8b534e20e82a6df00263bfb511b9f637fe99deb,5
0xcfc7e0d33a3cdf5b83e4d46b49f067b435605b6e,5
0xac87f4257848ff0403ceee1a93592de7a2612cfd,5
0xabfad5bfdee13f4aae382bd7ba91beabe847a99d,5
0xa3356e32fab12a6c7a2cb3c16882c3b38d910bc5,5
0x4d02af17a29cda77416a1f60eae9092bb6d9c026,5
0x6336548b06d41504c0ed43b2d695a3971b7899ae,5
0xb436f07f4c6b19b288c9b7be2a42f5e9a43efa3d,5
0x643042273911c00427f521fdca24e86fe932b339,5
0xdc973b550612a7d68d590a71acc45bf5992ff88a,5
0xcbae592b4dd77f0b2b4ef5a8ea036f010b946008,5
0xcb922c1e5e05aa5324ff633c04d45f434c7737e3,5
0x0233a87069298b927512b0854e5aa63de7d706f9,5
0xd60951a7b1cc273262b56d10eeb38488ca5de69c,5
0x15477e3b955ec7de65eef5142b50ad17326949e2,5
0x40db248b05eabb6058197755ad70694b7866d6a5,5
0xb755b1e6418d34d5533267af10322d9b79b93dd3,5
0xc6f47d84cd1ac77e971bb66b3a81534a782af4b6,5
0xbc81dd72f39ac642bddee8558d3fb1d51f30e9c1,5
0x48b063872164f327842356c4ee01b2bdbfde8cbb,5
0x7616cfdaae6bb7c7091d6f52cbb7842c98168ede,5
0x8cf3b6ffbcf375551b72d65f5cb433807983a706,5
0x47cddfbc26da2df3b10f360b32c52a33e309023d,5
0x8f279e888d542244fb90ba2512f224b0cb1aecce,5
0x094e4ec424f418650e6b195d62b4fbf1653907b2,5
0x66440625adcb093bd8234d4adf56443875fa9cc5,5
0x6889add947913c8c4e3bcbb85c2f0eb701123300,5
0x2ae13e64239541b84ee6302a0b39a16cdc969315,5
0x1636340c1e1464e4b90dab80b3f66c5208e1df05,5
0x7f105b8bae560759944b4a811e6d7975506fecf2,5
0xc7f8e871dc21b6266575038357d7d8b6f7d30e78,5
0x38b3d4b560825d42f8ed4c8ebbd41a849223c334,5
0xf99ee1ba4686e3dcae357cc0bd8c7e5cafbfb82a,5
0x0c52d3db2d924b588f8aa9b61456505b738e8892,5
0x253e1dc4cd0d5cb7c3a1efa15b2e3515a12308cc,5
0x6efe5f9ea26f2125edc505add6e8d672ec0f63f6,5
0xc6842b3d3076c294151a1f2f907da170dbb40c4e,5
0x5ad4b054138b3926e9998647f98f556281d142ca,5
0x8c5ef87f3150599685ca43f0f5f03b5edc9285b3,5
0x144bde4dcef535b7254db26d59d13f9fd33777e0,5
0x077fe8372bdc21eca8ff007c0f58892f02132c77,5
0x01585ac35ee576225090f789c30ea6dd7969deb4,5
0xbedac8218bf61544d50c449f49a4f1b0cc58bf02,5
0x27e6b6541b6cc20c527e2c24205a30912ee7bad7,5
0xc31ba91850eaf10a628b64e39f22822cc30f4125,5
0x316eef7088c434f8db78ffecf312f60e3a710879,5
0x395fc9a7b8b2371721aaceba07cf7ae23f55ba14,5
0x9517a9171ccc648e06f7006ea53f87e5a976e76d,5
0x7095464b90093fdf7c3ac4a4fc1f608a695b1d5c,5
0x4694a2680e7e2d73e56e8b0646a289116187aa59,5
0x5b56ede3410572b3257daf19d0e0fb31738fe86c,5
0x12924049e2d21664e35387c69429c98e9891a820,5
0x708a5e347370ba0874cef5f66954fecabdbcc46e,5
0x97e7cbb15b37654f72e5239fed88d879fa8f0f9d,5
0x53e87586dc9702edad3a4d56905fecc8618ba4cc,5
0x70d9bbe31f8e374b88f74286a54491003dca5f11,5
0xf0ad03d4ed4920cd36b4195e1a56ddedc137beb1,5
0xb90b2203caae832ebed5e54642b82ef979051523,5
0xce57cf76db84ffd948fbf05b8f34782fb140b746,5
0x08a5a327932f43ade6379f769aa992b58fde2277,5
0xa286e3129924eab74c8d7640300c0756a1cc4def,5
0x8755ff7fdffd54e44138cc45a06e70a92c02fa05,5
0xffe09f6cce831f595e6f5257fbbe2eb64fd94e55,5
0x157ea7465237654286ba3fdfaefd145cafc8859e,5
0x3e28d4df65a8448fe41f095c9ff261a9913ea853,5
0x42caa023837abf951743fec2e8c9fb975c02ff8a,5
0x86f8cd90ce9313e5c64f80688e00a2c8731139a9,5
0x0b0f9f02d9aef778433dea88c4bec341d6c86834,5
0x6218cfa236ba53c830fc893cc6972308a104e50e,5
0xc7332c2395e245fa89588b4b896120b99cf552b8,5
0xb1dfd589ee25e6ab307348467f3a8b725d179940,5
0x8a5ba3fe6aba3d5442021d296aa452d037138f1d,5
0xb8ef131a80b500d3eb33566bfafddeef4c0425c9,5
0x21e2eb5b5069cb04eda376f9b487e63e991026a7,5
0xe88b23027750ee5ce42f59c4c68dfd61d3c51df0,5
0x057c4f6017684a3c82269e20451641a9aef3dc19,5
0xe55096c19b92d3573cec5e596a08ef8a4a1b89c9,5
0x8ebd4cc69834550417a4bf68bf593c379fe7cbc9,5
0xba593bc51e8cc485800d1e97b8d0c7d937465aac,5
0x35ddaf63298a0f6b36bbece75b32552f762f1fcf,5
0x50abe6d73bc1a4a20e87d9707ebac862fbf0cd50,5
0x21adb987ca5b29f8ef1787c872ec39e7e16e68df,5
0x023ada280e7270be0b1190162d948a72983fb15f,5
0xe36092b847de5be70d52f1b978e9269c43330909,5
0x4bf0614aa80e5b01661a9164fdb0b2b2bbdc0daf,5
0xfe79c66a81554d6b54b37a8a15c967289e71131f,5
0x165fb8e891abcd6bae533dfa36463fd7c9f9bc0e,5
0x92cbef59f62a372486bb819130d151d217cf6723,5
0xe4ca2ef6ec2ff82cf9f43a0d70bc8fe6d3653120,5
0xa20683cc67b7c79571c06c9a14f4041af696e49f,5
0xab8163f45f9cd96cd1f52ed398aefafe05aabb85,5
0x00f6bc0d27769bf86da13f2542f2769ea185dd9a,5
0x1e8e3fa83e730eaf76a96c361b0b6479e89de2f9,5
0x0ddfa09c8b99d4b2e52190658c584912e80a0049,5
0xf65fd73c481f307c8e162069e7f032e21bc1d717,5
0x25d5abc6ba51601eba8d747cdf6f00c2641b194a,5
0x70d3eec2008058130c0c04092b388e4065f328a5,5
0x854aa336b12230a4427c99fc429bd7834ce1677e,5
0xcec03755ef910b3d253ec83c4b1b48cf3d03f936,5
0xcd44a4bb6782ca97d80f05ffad342037c73ec45b,5
0x92e8a45ae451d2bb3c4f22e289ff438e07bd2824,5
0x30aaca514c5f60f493f9b897a63675f3390b1393,5
0x1ead475f902ccbad725316613519cfb8032ab834,5
0xd3d1d6e23ea9ae3103de17578ed32ab54a26bdc8,5
0x16364f314a2bb904376ec18b196a14720579c4f7,5
0xd4fbebe772c941d8ffc0be8df8180b657776c06a,5
0x3511d7ea1878e19a15ad86b93cefb8bd57bfde98,5
0x48d7d9e85f90c3489910e5e3461d19db29a9a35b,5
0x7c3bde1db3ddcbe3b19cc21cc21d5535335b8056,5
0x52c58e22781009be2d1f91f8a22e0fcd7a902a58,5
0x8648bf28b9a10c63b9dcefe789f3eebf24fa0de0,5
0x7ae1b597b2666cdc6a4f1384a15552bbd3997227,5
0x7886dfe4164517dff8f2c658c91cea6a0b097866,5
0x3a27afaf35e5a8468561e8d3954fe5cf24bc74ca,5
0x93158b1967a26e9ffc8afa8d9592d2b2006c43ed,5
0xf4c36135b191f406066e9986d4a9ea01f2174fa3,5
0xba9415c20bf7552aa1412e830004d6e943be9c32,5
0xc469b48b1555f34426ea980d6cee472c4121961c,5
0x952abd2739201f951c905fea3dcd2e3b1798f903,5
0xa638985221c7074a1418aa952664860152c161a3,5
0x73be6f30feda4f663cd2fd41e9da31955c563da3,5
0xf5ae7ab590736fec32590b61e893aa5692ad9b6b,5
0x445a4d401e2608fb9e73e2c24fb01da81e383fc9,5
0x69252d3fa5e80c1639b57a1702d85fb82628580a,5
0x9b670ad03b68534fbfb376ee5ad72ebc43c832af,5
0x494c7fdb753c15b69fea2293e1b76567ca94462d,5
0x3f973ba2936c3484d04b1e5f8367d6b8079e4752,5
0x3094ea2500822117a3518cf76518c4f2ec1f01ca,5
0x3c698d1e054a921dcf46bc213ca407e39ae4db8d,5
0x0fea1758b2e66ff01dd34dfd244b15a87b6c97ce,5
0xa416e93c43f9b901770db72196baabcafbdbdcc7,5
0x99b8488ad9ae977947e1b65375b0bd102e5b4596,5
0x8ab806631722e8ca848ec173cc81c742e998543e,5
0x1ab9f92b03c5101ecfdde7e63bd6e4b8c01b9d2d,5
0xaf1a44b50af7258ab824e392b7d7eef5908e93ae,5
0x77a1b3f00f97d4feabd25ae27f075e5d128a412b,5
0xf21b4049c37239effc511d341eb5014ba3a27e03,5
0xdf7ec8a244d52f26598e6515ee4013c6f2e218de,5
0xb5acc559e7e11e7f5246cd9f5a1c14dd93264610,5
0xde8c351ccbfe85bf507e0a797ee39417c23dc629,5
0x0288bef143c52b931ef79a51727b2075018165cb,5
0x05984bb9e324b0f8d94c2ea3b84d6411aee6988a,5
0x248633b59e752b23f5a754d2c37afb6ed7040676,5
0x674bbf4d2cf96b3fad1180c5c7ae0668be577e66,5
0x712ff0676164bd7b606ac26f91ea0576ad86a45c,5
0x00440d08df8d599795eeb586c02eb2dc6fb499dd,5
0x2cf215279cb39db35c5975bbe680c3abd6c8eb94,5
0xa918944e7ab618e75061fe7f210f6cbb44aa3f1d,5
0x6ac69296de99236da854603cb3ebfb84c28af55c,5
0x11ad5ea7e37aed3c2894b19fc49a160a1a79715d,5
0xbf83ce96835bb66eb074ad0ec470dad133448581,5
0x8d524c2f7b6dffd1d896f1566adecd107e37c182,5
0x7393b1ba3058af44e3131cf7006362e0926149a6,5
0xd7d1b2fe8c1b33933b9953928b7b65762e6ff9da,5
0x7d45d8639a660c8aa5a956655794edaec54608a9,5
0x6d19e3f5a7d9ca89d1773c9dbba6eb0b6233e476,5
0xeac713c4747a67ca66ecb3cb10eb6ff613a3fddf,5
0x70ec25ab78d45c456796f979808a239d99c2457f,5
0x465528ac541ea9ede689f513168fbbf1bbc0d806,5
0x317b157e02c3b5a16efc3cc4eb26accc1cff24e3,5
0xe21b48c25c6170877747dad94dc13d8144fe9a67,5
0x9f1ac28b5c985515b1dd6b546f3562ae234d3343,5
0xbdb7d48567b895038a5714b7191c389a9977b1a2,5
0x02c284eb6aad3e128797c915fd6177d4da409ac1,5
0x38b86c4d8905df7339709bd6d23ccf9d1fd387ca,5
0xf47d263c18a152a01ae995874152462fe4525d7a,5
0x0ad14e58c4c43803374b6334ce4630241ab848b0,5
0x999ed4dc6ee69a661ac912f0604c193586638b25,5
0xe28f24bf27cfec65621894ea70edbc23d73cf1fa,5
0xf492bfa98c6ca90615bfe6bcb697dffcf2a7091b,5
0x086870332c80a7fcf482bc082aff6db584be7c50,5
0x5f1405ea7e027568e5b21ec746e787963b26725c,5
0xdde350519556efb45de0bacfc0e5fb32cffcadb7,5
0x2715b583cdff49abba99d06df742a13f6aa6932f,5
0xdadd8cdb5d3857e5e0f58ee9741b0e3f0a2fa819,5
0x4698d3f8da6b0a6f2d9042056b317018c6b2ba01,5
0x25c4b34074300e80545a5662ef73925dfa1d7c1e,5
0x69295e9634627efb65c214f91241d482b9860a54,5
0x4e39d329a5aa95007d47ac253ee5e774d0fe359c,5
0x788f6ef30186810873fb2781a2b1020b2751067f,5
0xaca6e37c9a5f388c0c93f15e24566aa37e52c277,5
0xde5277b00be315f2152ac5d0d56ec2164afc95f2,5
0x86265b2af7d63ce82fb17f436860bc1d79682e84,5
0x90d339bf4610c995a3db2eedae9decd52d59b678,5
0x34feddf62cda908fba174112ca0985a7a81324f2,5
0xce8d0fd45494b0fe1fb6ed357d183e574c19e7e9,5
0xe60f3879c88da4aded2baa1f29a92b2ad86e19e8,5
0xf5978584765327b653da9ad6887f478d1971626f,5
0xb8eb5b5b3c7c18ef29fa02b99004fb39605f1eb2,5
0x63dc9ce8413b7c30a9dd25dc21b48f255e036dc2,5
0x78814d311fde52780b6dbeb846a10e01ea5b58a6,5
0xf2c91c79b782d0f0fb7d3270f15e8165f9c7480c,5
0xae95e90da1d9f556c1a7cb903c2620bd945796d2,5
0x6ab602077b1f5e50750bb99db95eca004b443d95,5
0x6623a40af16273cb83f406cbf04d69d7a444c799,5
0x64bdfa8bec17e521f2ebfde8810ab74a579a1e9c,5
0xe810017540bab5f96ea478e84704af52403ce496,5
0x4c8fad47132f346d158050a458efb786965b3947,5
0xe24c19e19368292c5e713cc6138ca0fa2abf073f,5
0xa46a07962c32e140960e03db21e684eb2762c842,5
0xd240183832c804064914380ec428c6d0e0649e1b,5
0x83f2330fc117a96b5760317bff07169cabc84d51,5
0x5563a276cc6bde7b38ec472ba055ce606cf6a8da,5
0xc1f445aa44981607e857bad385fff1e36c70a94c,5
0x9a86274e82eb720d9c9f16e7fa1151e9a53f6d5a,5
0x2c2790a366c7d54a4d772389bded4fcc4441e6ff,5
0xefabff07ce6cfdd56bcd2239d81f50120f22a66b,5
0x75990e4c2117c420bd672d46b114bfed95bafe4f,5
0xe652766f8e20cfc9677c8ddd090007696930585a,5
0xbb56e2a58d2c43192407a4388b507e23a28025fc,5
0x758c0cddf69b7aeb9280efa5aad960d0c4f92994,5
0xca3f95ae40abd59326618c76004dccd75e5edf7e,5
0x222cf246a3d56d61030ca49f5e6ffd6c20c3dc4f,5
0xe772de302f2a3c2bee3e625a261397b56ad1d9a2,5
0x0b6b6110fab2d8cf564f3fb7b9ebc749352ef0a1,5
0x431efe1a5eabe2d485e66fac1591cffe742fae7d,5
0x12b8f013f0f765a8d66da0a8b7ed7950396d561d,5
0x46c41e544f9800e47f46f97d7f1ebac584980e72,5
0xd4181cda623bd99654ffa8e1fa0f26a6437f9f64,5
0x406f4533b2f6209812d7ef9c7d69b8c54217c208,5
0x7b65ff0eaee63db94dd218635db5533530be858b,5
0x28c9d9516c4a65df46d90516a5b8ff6903f86735,5
0x82d9125d91b90a94b251a1ec9dd5af43a9bb6e4a,5
0xf730ffc20a30880468a52f8672bdbcc5ef7725fa,5
0x70dad0781bee55459e9f7adae83318232bb16cc5,5
0x5efe707479f7d3fb1b3a081a80bb01734371f786,5
0xfb242889089cdd6f4c006ad838d18c27b4b97ca0,5
0xca4169f955847d2c5a54498d4d8aa137162c861b,5
0xfd8bbab3a3d78584495ad0d2cb6049438f7b2d56,5
0xf3384c1960871b7451ccf59b5fa654a137a79e34,5
0x9f295b27824c09148ef9956cd76cbf08c9e46926,5
0xf1843ae30e856153857c20e04066a9dd17716525,5
0xcc961ddaa00d07ee98cd56fdd8f1798608bd331f,5
0x5c563bd3d8f2a5c225f52e849f80fd9442f26118,5
0x020e1c3d5a0cfe235acc53ccbca2ea53d5964cb1,5
0xc992bdc378c61ecffb7e54bce71c08ec342b4e73,5
0x85e95a823ddaf8e8216dbb0a4e2f97a3d31bbf6a,5
0x69aba65297ced22795714f464dac41662ef3cbbf,5
0xc0dbb4e5ef9d63a2519753cce522595cda52e927,5
0x0a9643381b7a6fe41e693c4dd0e4cae57bb2bd69,5
0xf47cd6af843fd5ac0b342fc296c26a00dc173470,5
0xc971278739724a3ea924d294c76d1c04a9836316,5
0xaff2386962a0ee0f0c59b227c6a48fe8ba0f4339,5
0x5b136c570057b8a24fbbfe4b9988e9f84a1df4c9,5
0xbbfbfc7442cd415f9f6f0c8167afc1a4e2698e5e,5
0x799177d1204605444abca517d5972428d076e606,5
0x2079afacbcdcefd9a19b11195b5ac2bcc9ab9bfb,5
0x7d01b8d960a73e4eb4976f362c442c04412d8a77,5
0x9a89162d26db6759344c774f0d90b2c6b913e831,5
0x72855d4e517e039ff42e4458da82e3f411f2962c,5
0xfc857d53394a9d611b7dd070745912643114c92a,5
0x82018407dce2ce289d44c64a0d4e19213b309b87,5
0xdb4e4ed2fc3855856166d3248789b457ce12039a,5
0xa577299c3bb70eb4b9bf08dc80fd2d3b08b30a81,5
0xf627f04aada6ad8878a0c4928a91ff3e5116a2d9,5
0x575eb2e26be23240b1bd19a701a414af401629a7,5
0x78148676dc5f3ba6213e124fea5d65899a86b17e,5
0x3bc0ab9c16bb49b0b2f5dbdda1a99ecb63acc08f,5
0x97d2a063a37178451f404cb34cb60bad2e8f6e10,5
0x394bbdcd067084f3d0b059925a8d77c562c26c1c,5
0x25da6d2e79cc8b74d2bb5248e61234f85e1a4cdc,5
0xc018be7ca5e24e3cece7d8a803d4918cb96711a4,5
0x56c7ab570e384993ef3368ccf1a60dda4cf397d3,5
0xdb34723c376d27d17954e806430ab40fc50a83e9,5
0xf27849890e36db49ce93c1fb54b1fa149d71c33b,5
0xfed480e65adb3e57bf4618c4482c67f9dd3bc1a1,5
0x75ae76f0fb82c786a6623074a5c7ffb505fa2f48,5
0x05514117ff8065485c63678662977cf2b5fcc2aa,5
0xc948f617d092e04279d08afecaa598a8e0ed45e0,5
0x95e3e31106fc82bb25fefd2c097c823a588ce144,5
0x80c358ec135d20e2f85db915b242ca70ee2bf06c,5
0xb53dce2a0e59611789dacca93093d74e1d05be22,5
0x417dfbda9573513ba0bb137d1e85853b6afbb461,5
0x383061b64ef18be0247cc5e8278499dd26f1cfa5,5
0x5ff63bc658d5f8f65083c7d8712f284f2d8c0890,5
0x04a0a37e982e84893612980fa8d6adb39a982b2c,5
0x67771f5303f1cb96b1eb9f3abb7c85b635df9e86,5
0x0b4a54808c8d6847fec5f0107e490aac81aa25ec,5
0x4756acb440cf6d327e4c046388a9433bc46342ed,5
0xeb178a9ac0eb20c7b004c4dd23b5e6591eeafb0f,5
0x7744446f4fbe3e660ae9206fb8b0d46b8d097176,5
0x7f5019c6a9b9d75c37f942f6627700b44e4503eb,5
0xc749d6d94b6241d38733114e10f8c339d4da2bf0,5
0x0655eb6fe7f36abacaac31401b90ef6e26fab0d8,5
0xd53f0b61f6c4725ac2f8dd9568b89d63b1523c36,5
0xd06af541903ea822885accaa9aa05690a5bd4928,5
0xb4946ca11e41347650e3f9b8e061d10830454fbf,5
0xd799b2561061ab241a163d979acb4389cdd26943,5
0x87448916c591c4c7340054bc741c51935439a653,5
0x3984332f9d2ff818558b3826f7af16e1c0f27883,5
0x0f22f5255b379f898a4762dc4f0690d8716343ad,5
0xda6c99ef3ccec47bd5efa33ba68a62f481af2203,5
0x4377da50ea7cccbbc43b4b230b6888643dbf3966,5
0xa08cc9830075a7a82423bd18ce3b16f180c7e8be,5
0x37ec894d93a56939e02314470455169f277f77a4,5
0x97ed87637ce9cf3a3565f8e861ff4196a801df67,5
0x695af7ae0658618b1b7f5860914b97b9f3eb2c3b,5
0x0bbc195b5e811cf88449a3e347740c7cbaaa1d41,5
0x84d0006ca11f90699a2a4fb7387a9fd23614b3c6,5
0x60f6543686304cebc80624df290f192d1610a39f,5
0x6eccabdba684612deafc04a9b7594c986304cda1,5
0xd0754a8559e784289f7ab570dba47cad9c30b69b,5
0x36a3fcdac1e40398b9ddea348cbd643a37111b8f,5
0x6946e41238fe187f2465f2b23eff6b4d1042d8ee,5
0xc438b4e78119eac74a6f30d7de8a3f5919b34b50,5
0xb6621e97137b432be035724eb0e33b708841ad1f,5
0x7b3e8cba240827590f63249bc6314713317a665b,5
0xdda42f12b8b2ccc6717c053a2b772bad24b08cbd,5
0xf1eaeb33a94870f7f4b746f2e140d183b8e5b9ad,5
0x3441b70b86e3d61ccbd7f70f3a768c13f821083c,5
0x730a4924d660932b66b2f0c2cf4e620bc49089ef,5
0x10c898d45b0f46632051e9f4bfd33502940e85fe,5
0xc22c8fcb98a4cf3ab22cb8f246991b81f97c4875,5
0xf6faffc4352054c91272e89dfc4dac9d5ab9f1fe,5
0xa86e8a5f57ffde75ce14c52e5ff07b6be8c9245c,5
0x767f8341968785621b2535c9af47875296f363ad,5
0x8a53516c79b93892fc0858fd510836ec7b1cf3bb,5
0xe76f1230c61160206306cb55e524d5843bad697a,5
0x60afe5c28856924769f41b4242cff431b411c0f0,5
0x3c4fdd018b7fdd617b25bc2ca34695dd1638fb7a,5
0x38ab8be63eb6513eb48786cc7599e074a621e124,5
0x315773d63ed57c4130b4a55554adffa8672e41cd,5
0x4321d4f676f87a0b453cfd60d265086a09204bdc,5
0x1c49aba3a54660be32280f514234a12df3edee9d,5
0x2c83698e2accf51b49890308e73915c16934b802,5
0xf8142da2e4db154ff14527876f4f31fbe01b935c,5
0x628661db5e26fb9bc4962bacef22b1cd9f563e77,5
0x24e17b9e1b4521f0d34760afefca0747000e4f7d,5
0x3a07f7045e25bc51643f161a1849f9cc4618f989,5
0x48dbef1c0e8953f49e4a9a0f9ade9a61ef0081ed,5
0xf772ecf911319dbb26050739844918700ccfdb7a,5
0x8567c115e718c1bb1185303e4f8a1ef338210730,5
0x476f093a30bf53ef92105f401c64c6bdad5020a7,5
0x24ab724a09d13cdaf826e6059ad84b2721a45856,5
0x77728782aa0b116747f98d95d3e26c9221272609,5
0x6f5199d5c8ad7f87cf8ce629d9d80912bb94f34f,5
0xe8d8b73ccc85ded891ad41893ebbb0d684350e04,5
0x2cc5c3230ce768d386cdc0e68ed9c7065d92374a,5
0x4d4fdeab01b5cbf943855b55417d60bb29f67405,5
0x86c38531ade507fd7fa25163d09e2ba1e4438bc5,5
0xfb65e19ef31c8e8fbb2eb27ac675dcc29960c9bc,5
0xde02afa9bba0f98f64645654949bd83e139020c5,5
0xf6b48ccd62143b6dd3b04215347cdd38a06e6d3b,5
0x9241e8dc24757133ffc7a6e175d55745acc7f0c5,5
0xbaa0161c5ef9546d4f710135bbd64381ee9155da,5
0xb3ef0a401acd5d3431bac371e2a4b3964d187819,5
0xa67a98096bc44083bcfc0ad0c4e24bb97aaffc73,5
0xbf178635ff682dac160e2ee35e12f5880a76ff66,5
0x15f13c9c589a71f158168be70ef76f6e02b431bb,5
0x638a4f70c8cd0955c42f8e3c12c345854b23b1c1,5
0x6a0db6ef9cb83dff4ad41c19ab52fabd496ad7ed,5
0x79f095c916abf6861333939b44453d1f4db4134c,5
0x8b881349c69fda7e1121ae397383aa2002f9f418,5
0xf22f8c219329c073f73963ec35321a7d17d01d46,5
0x7c968bb8b991182772f895e59d16bb95167ba780,5
0xc68bc38ed59502d76e12292fc033e0934bc5bd1f,5
0x4739add580fc54c5bf1c1c197e28793f05fb6e63,5
0x9399e5dd5d09ea541864305b6ba37f61b4caa394,5
0xe3551b02086704d2cd486fea7d63982bf1125fe1,5
0x95fdea746187fe6991d084f09f259888c1ec2244,5
0x111e318936660aaf49d485c74a77ffccb997d030,5
0xcd5add4fb6e89847b391c78c79a791427c0ceae7,5
0x9c88964c1153039593166bdc0741c16491909192,4
0xf39afc215735830bd9619a5f3aa674b31df2ec5a,4
0x821221842fd8c25f124165df51a684a1c433f36e,4
0xf324a7a77f3fb38ab0e96d7e36286788a26ebbb1,4
0x1d0fa5b7e967ec9d895280bf1f8cc510ef157dc0,4
0x1dc0402602b10eb2d86791eda203f1a3003488e6,4
0x50ad01a28b3a6f5b35b217edabbe63a90384d6df,4
0xc89bb76d54c87b4a058cf0c7106f8230d760b19c,4
0x49a4cf88bd4ee6894a5855027fddc793c0cdca7e,4
0xdb3147a8e46d9e9c8e4da9f7ca6ff7f3b659a64a,4
0xabaf88c25eb5f9f0dd7e9bfca4bc8ab4b3f40a4c,4
0xb8150f4db82d9cdf76a2022993a0fdb6f3e674f4,4
0xe5d442f93f38892109c1fc70eb48aa78b73d5b48,4
0x1c91da7590cda4c9f1c49838a0ab6d065c67d165,4
0x595ffa9e9392a69cdf538533d2edca2599b9f490,4
0xa9998fb18237a60742ec8d8b7c8a5dd6123243d9,4
0x11c613bb14d81adf870f6b9fd9d8355ce353ca21,4
0xc256700e4446d88fe7c12bb9ea8ed8ce2094e28b,4
0x97d7846316efe4581a5a1ef3de3e88814ba75e25,4
0x273ec4e6b70b0da29762726d6cf9608abe3e52bf,4
0xc86364840eb8eea2426e6bfa8cd2aec906082e72,4
0xac94700e79a510b885014407918805fa0fcaa6e8,4
0xa5787108adf309fe14a0162a1d5604b71312e9bf,4
0x8d45b62d415eee4c63dc92101c4b0d99273acaa2,4
0xe0d1bf1dc408482dd0f31756645acb00c79e2dcc,4
0x67e42c6442e273bb29594a42099abe08f26c5be0,4
0xd0240ca15a0449a5eb57485430bd7f5c409c5c48,4
0x4b2e896d8b97d80d052883386756955b52cb8af5,4
0x9436cc38ba14bb24fbbcc6490c3d366f8d51b606,4
0x40ea9264f61d08929bf8baa82b74667c9eb17bab,4
0xe5d06127c67269268f4accc04b8923e318b9092b,4
0xb6c4ad845acecc1ba94e3db40c28ab5f87f1febe,4
0x4e8f95889d729e337a9cc2587a32af3cbde40481,4
0x9f8b37276e8fd1b474ed434fca5e67135c0c4cff,4
0x6f35736244e476b06b9ff37097f4828127b489f5,4
0x1a0aa154883c19f7f6c55dcfa6bd9dbf8392c18e,4
0xfa4d1dcc35dd22f71cb079bb2ccf2e152661c40a,4
0xebee20b43f98934a16ffbd252c7c38f3d80a9ebc,4
0xb0d54c4e814ba12a3263f34f444e92b4e63b0643,4
0x0b2c42b010a28050e5bcbb5f02b8053ff3d748f5,4
0xeacfa4278397b2a57e8a098cc86909b49335cb1b,4
0xcaee46fb2fe16adbe763a1c3adef08380bc9ae13,4
0xf5dd3e16958bf7d0a1784bb2c5c0bb2bf36f335f,4
0xd6386593dd35ef6a3a951c08a68ec2bb98467438,4
0xc46e0ec905f46c6d452e4209cca6ef0fae126637,4
0xf5ed909ff51045a4c1a8fc194809108a6f33d656,4
0x60e02332106e680976f75c09f314c4f2b7f560e2,4
0x6e4f0a061ff2de7083904b3d77c9c9bf3a028006,4
0x8ab23532448a4ee00038f04713848f1011a7b6d9,4
0x7a361c4c55d3e8e675addb5acb6941ff85505708,4
0xe5d97b9c046e87e62f9a3654a57ae82167a5ff3a,4
0x981d5f8d0b3be79a99dec92682ae7015356bfdac,4
0x9c696277d2432405c9d2c03039116b8f9376ff94,4
0xbf07ff75d16935886debc17d8e31d013c0a8f60f,4
0x8a1c55d7b0424475f2c3086804532fcb7072be78,4
0x42742954f391a2fdac26340f32ec18b1bd019c68,4
0x174ac94dcaada32af60a127d906fa57aa5d1756e,4
0x01f744ca9b8e1eb70fdce2ade9ce0afe244bb35f,4
0x00ba9bbe4c5afb4fdb3b6f8f97beff1be894d990,4
0xdf1fd297ccf0536d230f1f62844b1ab56081039c,4
0xcef90fcce5015bc5880ef34ca02fe5a929da1f1e,4
0x971cdd31accfcff7f1dcdef7b6c813279e364378,4
0x7603e3d7175a6fe603f0016873e995b88a5327ad,4
0xe58e5251bf2ad1d213d06130eb94467e8def558a,4
0xef66b53a137f515bd65326278e68d8be230cccbf,4
0x44adb159dceaf3073cd1922874838b8d43a3b0c1,4
0x00912c5c2a6f3423915bd62d963bfa6a17334cb3,4
0x574026dba38148b87df2cd1960c2d4d351a0ad0f,4
0x177b448ecb96766c99b6657b0d62564294603df0,4
0xc4deec9268780f6104647f54cc2d863b222d557c,4
0xb9474b71a1ea2eacf9c33c1f23a617fe7ab54d43,4
0x0403bbf1e922e995cb6820b4994465d00c296938,4
0x743d9416777f0d33865ae6287f911cf6f49e5743,4
0x99ecbafb517fea2bd2a3c40daee6696e84951b70,4
0xd1e54ba82529687b5d08fe3fe5071659470e1ce4,4
0x35ed94bad5fb526d324e1780618d22839296cb13,4
0x8394975d256c7f58709858994847c3b1bfa15aaf,4
0xaa56828856fd9d8e7171a04c464feb14604fc468,4
0x0895b09824d0c7e663c32703ac8c0db9bffedf8b,4
0x0a4c625d84ac9f3c784ed8c34535f87284f1fb4c,4
0xa6330696617f3c24fc5b37c4312e13a49d869824,4
0xad33cde51245daa0e6fe117e8cd5bcb3e099e355,4
0x38574a6ddf36ef864aa4db7ecd5d0ebad42853f7,4
0x2640de78b5c92eb8630aeb76c0cd2cff7b4d412e,4
0x8062ae2517b4e0507d564241155c9bf2a46b1599,4
0x4abe2cd9f61872e561e6fb40e8ac970456c70865,4
0xefb3da65dd5bde011c89382751e9d1f1cb9726e4,4
0x792702e78438c5944752394a1f2f9176c88ffef2,4
0x83776b981d808b479b0b20a95f8b76c2aea4312a,4
0x2132c9e78b1b89ddbbcbe6a9d0d75d703907007f,4
0x57107842069b5e4c51582ea0edd9833d676213f0,4
0xa12ab984ddcc39928413b165141930c63503c2ab,4
0xe25bb93be2ff34b2176ecd7c85197164cf14f6a0,4
0x5a58c3ee14ea39578219c93c663fdc4cbcd46097,4
0x54b0043204c42428bb571313261974203c8423a9,4
0x72cf82574d73fd8c060e95c786c38f62aef0d87c,4
0xab678725ea857a69b1733747879decc4f8b4e52c,4
0xdbf8d467816f4abdb48fc7e0f75f3b3e21fe3c57,4
0x2cfde5f48c96063a60929f945ce1b4711db5ab03,4
0xb2639b276120f1b47829faa327d08b654e4b8328,4
0x2bad8b334d1fcdcc82708cd7f3392eb6a04ba26e,4
0xa92605fd2821a2e3c9739b49ba923f1962181b0d,4
0xfbdda7db461c23bd10bb56b2aa0bdd7fd4b5a1ef,4
0x29b31a5b1e12d39738320598a7ac0fd7e0dcc388,4
0xc8c768053dcbbf77f248907de92e856d1052ce6a,4
0xbbb381382e1b621885fdca6e69bed4a2136163f7,4
0x9f40630fd0775601525984fb1fd7ef1d95c90663,4
0x8e6579fde894d9b74a1aadd5f789086d9e22fa07,4
0x62c541baa86e99364914bd5a41dab8155fd8dcb7,4
0x54e1ebd08b630fc69e8aead47b44e1d725ef1d62,4
0x96584f1c9f9a69a65ab5264a8384c28c94a3539a,4
0xdca81888531bd3a3219d978538bd951efb50dce0,4
0xab079c4836af0d17935d36cec89f9b7f8a238ce0,4
0xc75edf84e98141d22dc7fd1fd46d5440fd6b1650,4
0x13fd0f712d891509da07ae767493af0886f7c01d,4
0xaea9cf8fb4b76e98e4d183a83e4978cb4ac72b01,4
0xd7776486e9088ebd72afb7699cee77364175c3e2,4
0x0d270ebac7a132d8bbf021a5196fc1697ba95ee5,4
0x013ae2d660d0b5e02f95fd770eb5a5800e623102,4
0x170640ea0c93b4b8bb00f6a356f48767c11eb57a,4
0xcebf6c32533291322bf57feced73a755fdb87494,4
0x18cfabfe07d484a8b4d30121032aeee18c95cb15,4
0x2d5cf6a8d819459e1c47a950b0369904c85a72b5,4
0x19f0438ed340f0800a39ce6357ae0ec9b0c84686,4
0xabc151df4fc1cf503e1783abdd066243633d538a,4
0x8220e7dcb15b12a0f56cf7e16702ad7e2786f35b,4
0xfd25e21daed177bf4276812776f30b6d096d54ed,4
0x776847de5ac54b0fec8d4b20fb714c9541564a4c,4
0x19bf4fe746c370e2930cd8c1b3dcfa55270c8ed7,4
0xe84acb5265948780228e2d76d0ab5f88c7950422,4
0xd0d2b8c136189cc62fb6a8488b3de057371abe5c,4
0x241ac908f1284b4b1a69c45e0a9850b3b28e79c7,4
0xe0f5328b690f69909c7c539a752290d31360f01f,4
0xba26deddc0a1b0481f5d2d0855500b087c1015bc,4
0x960cc2316194a4cb767a8a5f3a437431a0b54131,4
0x02ce6e1bc383b189bdd3eb98c4a1fe8d8551171c,4
0x152e3c313ccaa88658bb6d180c795f2ecf798926,4
0x24dab88a90037ccd4837bf1c11fbb98bf8be81a4,4
0xd81c1d292b0eb8bacbd6852759a68388485a5dbb,4
0xef191aeb45a0d6f393d4a592f94152836d5758f8,4
0x45bea0ad8592799d6b970078fa3450c9b9ff3746,4
0xc04ca1e8b78ffc895c9b4dc4705c0334b1135ad9,4
0xfc7f4cc5b4de14991866ac6fd174fded01098ee4,4
0xd42dbacbc3d978be8a4a8a0eb49745b624209f1c,4
0x4db2eaf66a773695223a242343421e083eb19bd5,4
0xf82a9673a7f372894620a73e7b26f5011208c975,4
0x96c2fde8e4392a92091d7f1f4efdec8adbc524a8,4
0x61df672817f155d41b5ffe387d75bfed0a61d174,4
0x7a5ae83dec85973f713ac53a2796affc7858d307,4
0xa4220d7800b716a9fedd6538dcab5c6cb567d6c7,4
0x20f7a476bcc2aa7e7c3f51d3668f22dd5ec3729e,4
0xddee29697370bc74f491b69cbdda177174028eb6,4
0x4d029f0ed5603cf2944a243330d59e37ea1751b4,4
0x9474d4118e78cbe25e59b13d43a6b6273b66507f,4
0x06f82e9754d26fecf8ed56f24750bd14cba896ba,4
0x42340c9b7569de2db37030a8e8846fb7e71f49b3,4
0xe97f418e8edb3dcff9386296d5012cd2c0e59588,4
0xf9026a59df6832fda8e6d160d60e46e84bb95575,4
0x90646cfecfba613d2d2295531f27d2a4db29fb98,4
0x4f5f9db14e195484cf7790fd3946cf6e66a166b0,4
0x153b4f4f2c6c284f844a53eb2e097d23b7bfa4dd,4
0x0a99510fbe18e285fbc5741289a8ea3696893947,4
0x940ec171090e4920f3adb90d52c66ff1dfbe7037,4
0x343042418244cd8df23486349ea9e44868c4b6ef,4
0xc6a2dcd6a653d4b7f12bb52a3dc0986bba0f6555,4
0xdc1718d3eee7655d0b21353841838d6a9860f2d5,4
0x3b2a9e309d080d23c8516cd1c710f27f2b30ad22,4
0xa741517c020bfcd7457d7df3e3e43b8a1500277d,4
0xdbd9d1e5742dbf471f6f63d5b02a7382b4fef151,4
0xffda03a768535823f6c7b216e490d58be9bfa22c,4
0xe30447b480529156e9c71147dc807fc47991e089,4
0x91294e33c48160f931aebb380f2a026fc0eb11ba,4
0x8b3335e56298e2f4fc58f58b39cc54558ecd0293,4
0x8b8acd1b4cff51e722696b2898ff1c594fbb8580,4
0xaef230e909d4c3d9647721fce6d4caf29d3e9287,4
0x108b8f86756f74a73e5cc21a6d885fe3567bad6b,4
0x6d71a9f05a31145cb4b066eb26fca24ce3d50721,4
0x1cfbdb418808126a6f7db5ce51e968f273e4133a,4
0x221d5ddcff331d22f4f9ac2bc1d8ab9c558dca17,4
0x097ba4a0dd30c3ad9fa01d3cafa17503ffa7aa57,4
0x481b88067e787237ad931ceb1b858c56586f12dd,4
0xaf8d76bc8f7293e579f319e4d4fd751ce324a6a9,4
0x2a2de42b4567a6f47b6b8a6803a58cd676da1a0c,4
0x95e7da5f75cfc8c86e300eb8053e1ff939445532,4
0x5466260af75a3f3dbc83f2f179fd3fe4594308e2,4
0xf43343470290ee82d162a203e4e1fb525fedffaa,4
0x08c3806c2209e528afa54fc9213a8fc9528b96d8,4
0xa510964ec861908ad2e261d3f3b669c62ea5c64b,4
0x67d20ac8f57bd46ee2582a7e210ed47c738476dc,4
0x9a8f849a71db634e043cbbe036a27ed04c4c14cf,4
0xb8be9f01d80c433e2724aed35965015c0a1bcada,4
0xba6dd701948386baec3bca57b8d97f1637eb71f7,4
0xf7f7268dfbf6eebada9e73f752e55fd10a8b1777,4
0xa4b5741b8f0eaac20fdeab43f345c4ca1cc4a833,4
0xea38ce900d0d983f74faf67154735e68de7e731a,4
0x3abb3091861faaf3200cbaf10254a91376c2189e,4
0x7ae8260a96c5e13e27568bc7f62961d3a6ab8fb0,4
0x7911fa8d5bfce62ef68b714d5b51a65a5732b101,4
0x329a439dc9ee46a8fb4a3f4a84aac9d6f5277950,4
0xdb4de072288043cefc053cbcde72984654edfc37,4
0x946f74dc70567e1a91ee0614d8f6326aea1370ec,4
0x850a30405a39b20e42e7753d51f7f201ae60169b,4
0x06a651e60bda7a1929f45dcf9c880cc10b0214b0,4
0xf998ca8ae74e0c235dac9054504dcbd84d957f58,4
0xe360597b3e80060f19ca970f0cc98e2a93e23013,4
0x1d54d94217d22bbf86fde9b67d0145f9ff616246,4
0xccf00d91b1a87df4372ac0b63ec730275f02e603,4
0xa6d5d02587ab35f50060cb7e09b636efb357ff7e,4
0x602b0a45fcaa09f446193d36f123519078457e59,4
0x1c9ee9a611d3959f11e9c2adf3714513dec1c23f,4
0x4c8f9d39c3707be9b3078d1dcebab9e725885367,4
0xa99f2c4ac234459070f03c704f6517e78ebc3921,4
0x5d2f4253582b20556d7229732593f7a234bad02e,4
0x34977e939918d2c9bd26c70abd94e7da11dca2ac,4
0x305396917c8148b78134d1358791511b947bf74f,4
0xb866fe9e4a8e5362dafd14cc7c64814e6eead799,4
0x6b9348cf2a948137ab5e1ac9aaa6f1df7225633a,4
0x6df1eb64875dc0e3af95046412eaa9fd4564484b,4
0x85adbb235b7320616dfc3185c42ba8dd637095d7,4
0x886243bac92e190de060e80af1fff2a1919f07bf,4
0x50916e6d699416feb212608ed4615af8b9c589d8,4
0xc21e42756844b96c9facaadace3402b0b51e4126,4
0x17649dec95ea25e6a60de9099bd9ab15d3376eb0,4
0x7077f82c27b72b84bb70002dc80de97176207959,4
0x23230f16784a9fca7246ffdd0d69b4793d7a56b7,4
0xfcfb4233d0b9ae8865c11844d1ebad898ff4ecf7,4
0x76a109da677300e54dd82844d7e77f9314ab3ed9,4
0xf9a27d7d3455e73b67065bf1b5121b9723a0ed64,4
0xee46358c95d7995efc34260d34dfbe0a2fe23a5e,4
0x47c465a8a813cc0c269cd5b9ea4c0fe2575c4e85,4
0x4f908a2573ea9d8c283880031f64dcaff771a2a1,4
0x695caaf2c2d437afbc2b2906d4f35a7cb7da414d,4
0x5b6b4548e3349307a2e4d21d6ec37dacf1fef05f,4
0xbe252f8dc0f27832269267b7e602c0e362f9ce3b,4
0x34222e9e32f35e36a542522bf182f11b983145ff,4
0xb1f8d0c23525a459e5741b7d7f583f4bd0c29bc6,4
0x17e82cffac7b0cc7422d230d1fc4930d84dbc1f6,4
0xb9ecc1f83b37c014cdebd5d5dc39312250fcab7f,4
0x91891721117b36268a4266922692ed380436bd8b,4
0x45e33e687f145bc8df74a3497cd8a31bfac30ff0,4
0x006e19101cac0fa8740d6e39768e83b957c5c06c,4
0x4796e9a78299b53b5b604493b98c4a98b4592aa1,4
0x6e731d971ea7562de1ad3227530eff87bdadd640,4
0x085b1dc51145f13b6c17e979fc418d1ea1c8936d,4
0x07fd736901f9f198e7c5e64055259869c8c97a99,4
0x2375e272d996d14ebd5fadd99f91182cfde5f1cf,4
0xd40a2f8b9f90ebf66164bc685c7f6a1997acb418,4
0x486a5630cc156ec166a4f7188a41ca1206a1312f,4
0xc9489844274d28862f5306359d19eb21c764b206,4
0x5008b540fd84bbc8c8a47643ca0841ac7b4c4a79,4
0xd2e48e31091d2ac92a253384c38cbab53f21f37d,4
0x677f7df8d44656c0ffa6b440885f3147b28f9299,4
0x06b4f02100e6757bb3d21291b541bbaa80f6ec90,4
0x87d057b8f06c25a36723a6b80d625da9824a002c,4
0x74a874b055004115890608083faf6e69f001ca5a,4
0xe5d84b729f227e8941d82053b684b17fa5e70504,4
0xc7d413cd09e7143ebe6a898f7871bf97a9534d1d,4
0xd0e7b818b7f18798218cdf9c0ac4552ec37427e9,4
0x1e6371ef56cd03a76bfe1523e50d6a92b8c08acc,4
0x4dbfa32672679830f612838268ed72e43de305a0,4
0x05156226832ba4a7581c8259914bb04a6fc3c9d2,4
0x38b75ceecf0a430fc2cb4e4bb751c4a7353fd6f1,4
0xd3811eb19a779ecb57d57f2e43d419b71ca8622e,4
0x6d57e82bbbb8175c42799aef28987edfafa322f2,4
0xedc495da640e34f9e79c411d1e522fc3b6b76685,4
0xb70de9859c19530dab5ba742557f1f522207538d,4
0xd8faa8a0e41350d53066af8c229fef7022284e80,4
0x4d4e64cf8fe289664d4afe1115725b3fb3e53199,4
0x985382084419d84a0324f5825c64d919fed1ccd8,4
0x044dd0feff31ed8830634e3878e6d6e353eb72fb,4
0xca126c8cd7963b61fd189462718fc0c5040f2722,4
0x057561523e7819d19d7690eca2ff05a138fc3b4f,4
0x298c5e54ec22490984779f27c20345c0953ea5b2,4
0x1014a66402ff5b51d86a527da1dbe96343bd9d95,4
0x73f6171d2c8a27c83401a53cbf8bd3b8167f939b,4
0x3479667788b1bf5dc2c6582c41226efdbd78dd63,4
0x411edb06fbe34e50cc48bbe94e8cbc8b81e62f1a,4
0x37116fd7ff3f99b60336b60e3a7dc44ec2fc6914,4
0xe7fe5dcfb46d9f7af605bced15fde6a2ff67c948,4
0xcbad5ea9c582f683f250f67ebb569bfb61010a99,4
0xc91324f8d5067d6e6654967e3aa928344ecfdd57,4
0x34635e1c41773fe6f068ff2543a94e70f788e0e8,4
0x07f646ce74932688d287f1acda9c6af37ae8107e,4
0xb0c361f6dd99ccb7b756f560e09c76da6610d8cb,4
0xf6b4c572ac95a6f8f2f48414127fe940c55fda85,4
0xde9c58403da43f1120dc9476f0e479c17b24f67e,4
0x45f29a6fa7468a080329453a7370b352e84f241b,4
0x7637eaf4f3c8938b883838a90cf1337c879eca92,4
0x19888d3c632d34b5bc3cd05e6f9a95e54250a1a1,4
0xcd8fc894b96f080297ec31c83b163b9a19b392d6,4
0xd2571f73cd5f05bf08be20fcce81c4b133ccc7c0,4
0x2e4fded06ecf96651a2d3aed1ec1b36f92f0e803,4
0x8b580c223a95c2d54e20c6eaf033619e85ebe8be,4
0x2c10240a4687cdc090915308d9aef85220d071a3,4
0x9797b1b31afd90c89a0aa8d6fb06618826d24bd8,4
0xd44366897d8fe56a9515c1ca1b8610601f5a28b3,4
0x9b7547a5d3f388e425409e460170e3cac5a9094e,4
0xa7176cddcbb730329f6d97a41021f56ed1b2ac38,4
0xb8f974a14720fea32d04553ebed347614b2529d7,4
0x8866ed8716a38b20764bbfef9491aeaf8505e5cb,4
0x9f3b6d35d954d76fa559ef517dacdfee142c1119,4
0x1fad60e9c55fd12f5176c75613d2b4466701b69d,4
0x581ff042aa46905922869612ad82a4de98db04f5,4
0x42ef3aaa63b47e406a26a0351c933b6025d7f6de,4
0x52ce74f87ef0878988f73d46650ce481e14f8903,4
0x248f8c780348f93b3043ec26c590c8587b760197,4
0x1bc3e2c44e0b2dabb1b06a1890273571825d3e03,4
0xe52f7cb4abf3f64cdbd5eb81f0f33a1e5fc2a0de,4
0xf492a364eb4b8207e927b570dc21168b4855b403,4
0x87a39e3bc54d4338ec00d852b515d4ad714e25bd,4
0xf7b36b47616ded6449896321a2379949d15806f7,4
0x903f66bc450449e4894997df8c394183fe86bd40,4
0xcf0031a2fb889222a7dcf9521b0c99c9745910da,4
0x2c36b0f74c5f9cef9f0f4a7d03ba5c15cfa621b8,4
0x4531abe5939cc122c7f47d0357f4393745e9925c,4
0x31b1ddcc6814c9161fb5489258d4d7eb0611a2ec,4
0x2a789cd4ffb8ae9c8c3a2746910b7ac003c7174b,4
0xb6555e41762a79a078bbd44f83d2ad3a8c8b4d79,4
0x5a9c55a82219490343b54f1d409e55f9a443693a,4
0xaf6b60fb7b8768a8a46acecaa0a2b0ba891ee883,4
0xa9368c81d9e2e8fcf159fc2543050b0f268a2461,4
0xdbc65077e8ebbb22b49b58caa6b49a6a90c174de,4
0x355e5ab1780ba3d88ef8feed0b29cb0d825a49a4,4
0xea107127262f337567eec0e8a858e9434f67bc50,4
0x24da0d3f4a45a00631b124a81c571452561cf9a4,4
0xe0f786400ea39c98f37bcc1b02feca79c766f6f5,4
0xa0916939bc6df396cfeab2dffb4c4f53c1a09002,4
0x91d14322ed813a5fffa174bf5c69c111b1e31801,4
0x99a4b460e1dddf4561b9886e62a8239863c45e2e,4
0xb20c91fd033242892c0d3441d7ef704189a7ae2e,4
0x71a9b6c40a2cd9ef79f3ffa117bc085d9b38ce22,4
0xf2f709896697b34505b694b9f387f28ab6e581fb,4
0xad1467cfca4eee70f2edf18b27c657e1bd7ebc19,4
0xc048310b6ad26d7cf35ef068a83cbe6793864fd1,4
0xd598e0ccbbc94714422d544f1caf162234c296ba,4
0x04fb30f655700c274ae98a2590f69a3c1299c96c,4
0xaa9aacb45d1f1a7790e72427e955823812bcb5ed,4
0xb191efa190a29dfd9020cf73a2795753b30ec536,4
0x3029e34eb417d89e9c335dceae9385ebc04ae50b,4
0x452dde67a0ed37afd751d52cdfb228e305100892,4
0xac80d8f67433e29ac33294254bd4329f7905f7df,4
0x65bcaaa391579ca66ef59e35d87c2f58174c3bd2,4
0xf0fdfe6cd386be0f6900ee5d5a39b6a3daef0245,4
0xf2d3ea8c556a38f55aaa90622a8e4ba38e9be6a4,4
0x7142702aec56728f3e465c92fe402655132c414b,4
0xf23d2d15b68d5fc44cd578e15a2df944038bb317,4
0x00a2a8981563c02cbf046027bb55b59ed09d46f5,4
0x549dc38a9546f936495c677cc33ff4d46d026225,4
0x7f8cd6a535072ac099623a879cf93cbdaa4f513d,4
0x41521a1365b958e00f252c96d6ae754e7ba1f533,4
0x5ef61a23bc604a381e694026dcb85e8713fd8405,4
0x6ee00656317544473c7d6b1c5d16d3213f9fe2f7,4
0x49a3aab8ebe80725646937b9e9f6f8b4e9867bfe,4
0x8227ba2bc3aac89c643c24db380fd51491e990a1,4
0x2fa23b093ee5d9496344898658f9b3b690479e8b,4
0x2ed71aed91b73be0d6fd3ad1bf45f2a6731968c4,4
0xe842c8f4c45f4dbdab39fd4ee3a0df0daac10b92,4
0x640f6f8071e2deb4b031b54f4c263aab15e75091,4
0x2e3793d035a46c7be6f63dc934243d379da6a2f1,4
0x5bff1907ea0cc26ea668203f313fd4ab74dfd57b,4
0xeb9e3fbf81b3d3ac8b60fec64636cde5554822ad,4
0x7a61e7da900d212bf09615330a5fee23d7bc1a9e,4
0xf3da1a07aca84b346739f799d36ae6d30153c952,4
0xbc96b66bce0769219a4de48e16f35f0cf283223a,4
0x71340166b12dd9e1baa71c975451885971917415,4
0x837580aa2f28974f8801d3038abb3d63e54c4043,4
0x75404fe152420252909a66a2398e25e2f2c95f53,4
0xda684326890529ae63c47789fd7a71864480b9ce,4
0xf9a2cbf02a2076bd54a8e77485172dfbff1b6b50,4
0xe6fbc08c41fb5a8aeec169b669057bba003c699b,4
0x757d866eeeb4d108fa1cde192c595ca96a1ffeb9,4
0x3d2781bbb226d578570672ce9df50109181ed405,4
0x6990320ca6ef0699d35d57bcda11784c6ab700ea,4
0x6aea106acb1e4f0773d9cae095844d62e6ddd9df,4
0x7a335ad0e2180802a8d81e80b80ceaa7b2c9ff99,4
0x13f47986514a198edf4c821b647766f1989e2876,4
0x1559ae5ca66e5f010dc02c4af78f709ea61dda92,4
0x02b7f0488d7d7aad98d8e2edd0d6fc49f89fe201,4
0xf4e5ef147d34432022734206c5bad6d61b63ecea,4
0x4c180462a051ab67d8237ede2c987590df2fbbe6,4
0xfe87e06ac8df906384731766f5e8cca39e9817c4,4
0x096217f72fb8afaddce28facb656d8d3f244a074,4
0x95b0cb330519db2bcaf74b90c1bde3d62f673718,4
0x73b299e12c8adb094bfd8799c912adddb6f8d1fd,4
0xb3af8fbc63abaea31e0a4ddb268e15a9ab6dc67f,4
0xb39e7d35f65da12c72331bcffe13d486745e9de8,4
0x9676088c985789a530b0d4e35b612e2881cfa2c0,4
0xca3b3fd47502f06ce3a626f9617ab149a2bacaf3,4
0x5b001d94f1ca1c50d1863e398cb752f450e1b72e,4
0x76488dc6fd0d68e9bb8bd776a8906ddd0e1df287,4
0x1e61a8cd14dcd6e769244e23ac1416cdc38a52d3,4
0x03893952824e502af61ba4a6f95d141dba7a740a,4
0x3bb83b98ff897aab5e647b77a601a2403fe0278c,4
0xe212706266cf0d977401fdcae68a5f291dd538c4,4
0x95504afa492a09f2400489e7e1ee3340f32737f3,4
0x126e10e2e2e920f16dca66af50d1dae5996ed45b,4
0x23dcfe87c0920951357f84b9253d2588a47e2d3f,4
0x4dd997a364611e00c308669a54e7288cf26e31d4,4
0x2b3e205b50a8358e0133c9aed71f693680b526cf,4
0x6fbff99420aa3844e43997e497e614a56d97ac71,4
0x227beae82c80130ff9211315f869a7cddf5c4bfe,4
0xfd8982a5238559a89a11277d88c485da16b72b5d,4
0x31d25fce9f76c6c14b4753b960ee0df040bc6190,4
0x3c88257b5532bf20e46181ce829bab2767b0c0db,4
0x4d8bd62c7cb6769795410c5d1209cc09bfe16c60,4
0xebf6fe7679b2050e24cab1bdfc61b9e74ab9e09d,4
0x29298b2074cdf710dc6ac39bb0e53cc201639bee,4
0x686c88efd23563defeb739f4882dfb967219ee57,4
0xe4c8b714b7be0502b80c27aa3302958d86b59308,4
0x94859452da7f0776bfa895e6598d76d1340d530f,4
0x9ffd21dbfe67cbc9a56de594f5de9703f7344709,4
0x12d0ced4220f5acd0b0749bda0747a2051fbb280,4
0xa4752821bca4f2653f1a9c2286ccd1a5b7b9d6e4,4
0x721a0dbc366a52e684daae0341163df46f158ab1,4
0xddfd74ab9bd3c089737113530567cb84fced04c0,4
0x00b5a0f715676f6ae020e743392655f189814f40,4
0x8823ad2a0c6652516434df5d088df18d5e72e49e,4
0xbf21a54e6068af35f215bd1f4e6dad7657a2e67d,4
0xc51819e67a712ee0229bb1ff1a00aa72e5540b1f,4
0x6c5390224843746783f3184bd22156ad20695d93,4
0xa8339e2d9a2f73231e51064d1c35c5b77dd28388,4
0x74cebc1fdc9d90c7702aa60552d57569d99d8a46,4
0xb2859e7f1860356f08b8ddea2be74cf5a49a543b,4
0x2b73cf1cea5c68f4d982aef0c858f15ff4119e2e,4
0x3a39899dc78b7307acd83f51463c853fa79e1b09,4
0x6f065a2d39cce4a043ed2a80262c91ed89dfdb31,4
0x0cdbd3c78615d7f9f94db33bd9a435b42e92a721,4
0x802d75488d05b34e2ff140382afe5c1b7614a134,4
0x52637c28bc716a62403923450e8d890134938f33,4
0x5f52d7468b19ee840c2d405e355f120767ed597c,4
0x99be69ac333e19fb3f1b9d19028bb04ae79317bd,4
0x73848d824dd5a6278ec7cf2573f78aeccc48e82d,4
0x12169d2a70f7c60aacab695aa615b1c5f69bee1f,4
0x6dc5e4b20cddb32276140cb783c88090335acce6,4
0x1eef8295a36be966d845a040c610c502d41cc78b,4
0xcd4cad393f9cac2c139d8769dadccbf85d7640f4,4
0x0c6293473e571954444f0b248ca75cf48e60c13c,4
0xfaab6e2fe5d5501e872a174980afdb2ca91913cc,4
0x48d683f6bc178285e3e9bfa92f93dec7d502c552,4
0x2b12a288eb45a8df82e9a549db22075f05a4eeae,4
0x11a698a6a60c0bb96ef7b8f4ede6ad8397b9ae9e,4
0x3c27be023035bc7ad9110aea7645654a048abade,4
0x649653c3516d4215e153dc8d24fbce7c166fe912,4
0x7a220ce61bf20958ac7ffde4a452d2c52887e00c,4
0x7e21fb8969dc8ef746a47bba0539ede4b9fdb70c,4
0x7e0d2b69bf9531be2ba4f024302086f8d737d553,4
0x56c82e81fc2af6623d9574b1c8f8f145773f9a69,4
0xa570014865f78288695f3369b0a13d7dda6e9fe7,4
0xae5bb44c034e362ab8226215a4ee49ea5bea81cd,4
0x9722b2db62bf2be6aac931d3d6c06ec4b59d747f,4
0x2b9f043c010b3241ba047a8c9047a49b5d429b7d,4
0xb4e8bc1061f3d57ae980ff48196ac5ea58bce141,4
0xbe5c8c0b40085d47fc708aafabab8a3ea8cfc6f8,4
0x3a5178dd4e9b3112fadb38b98d711fd91c69f806,4
0xa7feb46e05723b8a9c82235ac9d19234f9e178fd,4
0x04fbbe24e8f6f26588fdc468edb8d43e3ca00646,4
0x42f89123aaa6f385dd525857b542316bb6d5aaa2,4
0xbe260088214693f17626ac49b2151d2ca467bf29,4
0x87cf2dd460be20555be5fe0910c988d27d7c48f8,4
0x111d82f237cb46940d6d9326227fe0a11203c3be,4
0x4cfa019373bdba3bfa491129038bb08de19fc61f,4
0xcbe20029af2ba98b74d818f352faa12c422e60b0,4
0x9a0088cf5d731e0c24328b543aa715af716bed11,4
0xf15ca4680c2079d08310a118c5f18da7e8dc0b78,4
0xc0e59b49da55a92c485e9ae3b8fb25227e82c83a,4
0x53c6e22c211d817e2316cba227a7b566087745e1,4
0x8c3442770f67553c99271645d6a4982f743380c4,4
0x48baf2b3474a4ecef227879a0ea5ac9ba07b72c7,4
0xa310816bdfa52f40ebc05df81bfb8c02479c4e0b,4
0x98b54db989dbf791cd662c3b510d70c58c4b9153,4
0x331192df4a4d6df9746df10681cc1b5a7cad8a66,4
0x1017378c6241e8d83bd9be29644f7085b69dd0f3,4
0x8f79a024bec9d0aedbbe3e3208ddd1f8aeab844f,4
0x72303b37288ebfe4c2aad0b253bd2bc67c5ef5e5,4
0x72a435dd35ae616e82ee80bd7f103b95f8ac6ac3,4
0x57a64f78a62decfdacc0261ee46158004ee2c827,4
0xe778d9edfe8c21d0d5750dc2a73c4cdeddea0044,4
0x1ec5d7a34d4a31555df604408f0b769286b93c8a,4
0x944c57e353c601ee61066d3d1a7fa86aa4896640,4
0xc5f85818b6086dd21f9b1c005a0169edc57bde1a,4
0x03418d09b30626a14decc1e780ccdfba8126f483,4
0x3bd6128a9b552be76a0978b09858876243a35f5e,4
0xc0040244be4abfbce637d11ad48ddb273521c489,4
0x121d6990e624cfa09e3b785a2d13935941b29bfc,4
0x6494c20aa5d017f1273fe8e5d95cf2751ea28b72,4
0x54393e990b8ce14df3770dc586e823d427240af1,4
0x8820705e69d6389a17a1218f8661a4d15c511110,4
0x37431e079de17c686a57f6248901bde8c7ce85dc,4
0x4cc2f8d9a9574fd8c41298f10ae8160c559ac7c1,4
0x8dec391881e781c0bdb09956fb50b87fbf640f1f,4
0x43715945f8cea60bc40854813eda8551fed4cc1b,4
0x88df4d4240d4f388a88d9edc1dbc7d0154b996cf,4
0x738f0cee2e160178cd61c1792adcfdb8de10e6de,4
0xe1f03dbb604d4ea434522087249d3ca78dc1463d,4
0x1f81382f9a52a96fd4ed3761f36c6d859f3385c2,4
0x3f07dbdc7b5bead7ec32720c27b30b50858ccca2,4
0x2b2493e84e5777228b74290db704196d19a6af0a,4
0xc000d3df9835973239121b1dab30b25f38c03741,4
0x5e39f37b10fd3d55f27aa21f4b82a03bd0ab34a2,4
0x3055a5f118f4bf47cd5726580ab2c843a166e775,4
0x4c2d0f9080b4d3299ef51f8684641024522f4549,4
0xc5f93c5d2401fa54da728c2508707c247ac2e177,4
0xc709bc89f76e3eda7496ceb3b2949e775d757488,4
0xcdc848989f54915ee475ccf2dce87d9f9665a58c,4
0xab0cb39f1459b71fb92a52a65c30b215390d3a2e,4
0x38fccc4ed695dab2033f62d3df1ed315fe700610,4
0xbfd561e0fe8d9f80154a1fa52ce3f04a09a8969b,4
0xe49d0d8cf01ea366d804cc84738a768f0b8b175e,4
0xda1060b048e32bd4358f1e057d44112be84bee2d,4
0x6cc5286674e2b23fec2fc890374d0ac892c425e3,4
0xc0328a76f4e91e731202fe60c71045ddb1c4e5da,4
0x126c10e1573af8dae41086c64a6d51c433086f09,4
0x7fe3f3298d0d10714cb3efbcf3aa1e63285b835f,4
0xe5a6df02ba73fbe067f74353d6e92078785f38ed,4
0x03625cb5e7a1bb174dc3d8471e513cd0c8e32ffa,4
0x05b8273f670fa2600f822049836f2a7627d0d8d6,4
0x010657cf44ca34c390fe6dd16da0208682a4dd5c,4
0x28d43e1180be426a79746b1c56de7bc29616bd02,4
0x5d47e5d242a8f66a6286b0a2353868875f5d6068,4
0x1b209e4710c04a6cfc11a0d4dd91e8012cd5e892,4
0x53430bde5e57ed878406a20ca101b0853f173acf,4
0x3750f3ff6df2148445f78937fc563e42d494d6ee,4
0xb10d2edc7f68913de5770da77e890b8fa5f1f389,4
0x5200064f773abf27694ef8b861286892243926c8,4
0xfc22f6bb9acb11f045a190b9a467c2601ff16b2c,4
0x0d589fe6064956d49f0f9ec4fc89dbdf36db9362,4
0xf486b6ddc8d06ab6cead28d878eda16e7bb28438,4
0x177fc128e07cc916485091fe7ca45b52bd1428dc,4
0x1a6f342e7a0cd2a0ffbf044d7bcfbd8e0306b8b8,4
0x11cf22e544a9d68f6764b068b28793d4bc91c810,4
0x68d577fc680c1624b5c5983297d8913efacbc866,4
0x92ac2a779a636d48047a3a081496a0d6780c1134,4
0xe24680f2cc99c155a8ed8a3eb5a30609faaccf8a,4
0x0c415603f88ddcac90a2a9b9c99b27edb6e79e97,4
0x4ca1e9eec1b4e76e12a86128ea235f342aebb644,4
0x4adccf60ec64fa74ad8464b6ab78df58ad4e8d7e,4
0x848446ff9f3955672cb28febad59123ed840ed30,4
0x191acdfd0658bc9f9ac16885ec7294af1102de04,4
0x9d14083c54a0ed1f776d7426556847dd75b5e0b8,4
0x0ba2284aafaed001a416b1d8955dddddc9ff25d8,4
0xc68f177ac0465c51e6cf37cb4068142802f69a78,4
0xb2ff5b8a05b43749b1307215c501dcde0932a711,4
0x75bc09b9a39409d0c9cb88a8cb2d8bddd7819e31,4
0x443c8477539cc8c882ad78bd787f9acdb0e15bf2,4
0x76b7096a51ab91d276693a099d10c13df76a7d5e,4
0x2a9aa17d48a393c4e808d50e810a3bd494ccdc75,4
0xa2bab8f7f54c3a1d16f2317d43b359034cb62bef,4
0x62e67631319f586d8a1fcb07fa1209f20c044b7b,4
0x099b56fd9c438b4113762101ebb4010d7da1e01c,4
0xd8ed8ecd69e8b5ebdf1b2f9927433d609037ad1f,4
0x00ff6b7d26407a46af2b631b4fa452a036d027e5,4
0x652689c1b3bf9ac8b2c12123c050bee35784d754,4
0x94f10cfd75b620fe64381186c0eb3aa560d557d9,4
0x9b799ab8b30a3420ef2870b76d42ad4e4236bcc1,4
0x4d998a13af3007d4779ec7bf5d2e8a3de809187d,4
0x80014a391f8bf5fa7704b750b1265f7ba9933e71,4
0xf687788d24e143edeeccb0db2e301f183fc5de1b,4
0xc3148e5a60e652bb910f938ad63ce5cdac4623e7,4
0xd51819fc5aef58c9f93a746875a56a07fc2e7ef9,4
0x1aa20899890b4def21da742ac6d6cf0c762fafcd,4
0x91fe4d8cc61a7bbe8a23380cc4a3826fccbfa934,4
0xc84aeaff3dca1c8f90cf1aeecef6439e36a6128f,4
0xf6f78237f48b541656e7c6312253f4743188861f,4
0x7b410622171f4501542d4c6d2db060c57f84f365,4
0x54c1cdc8af0502c79a6ad819a9ad4eb0682cdd99,4
0x353b950470987248d458a5935822dac904eafcca,4
0x3482204ae96ab630b4f4f7d2a809a8c9e0268125,4
0x138856a807f34f981c838e7a62c0cdc561451374,4
0x41c969067b05c69f0e7877c7934ddbea1a3578fb,4
0x5a850083cbd6b82e38575a7806548bb2e6ff8f25,4
0x6068057bc41eca0d6a738c7e0f3ad5674e4ecf3d,4
0x112435ff1e260052b17efb03d2486354ecce2137,4
0x6d82dd2b5d46ccf07274992da2bdf4839122bd0b,4
0xc6a0d3c3d306cbb0915013cb6a7c45b89f804703,4
0x6387ed2d6d9b4604875c7c9153f7daf7efdb90ab,4
0x8debc2bfd0f8e230b0703d4c1fc28540f7e16c1e,4
0x82e02176a11e96eb9c2b50f2394e847a936bb4a0,4
0x18519ea086fda21ce026f02887023a225d78ec2f,4
0x2058929a04840eb1a1ed5367b7027f0dc9379920,4
0x4f28e484b5da61b05d1be30dea0dbbc594155a9c,4
0x28f8a57b18a53f83084ac67dd394e06483d4e68e,4
0x330c2789c3725032077b0716c4491bbe7edefd24,4
0x362806991e1100e9442190d1763cae5e2fd48849,4
0x36cefc6ac8004fbbc0514238453ff0684647d64e,4
0xa01a21de8e3f9c54d24dae000453247f0ed85e3e,4
0x2fcdb7c6530fab0b0f29dfe517c5a1813f3aa799,4
0x2fdb61537430a5682a4036f5105cd926172f3842,4
0x0bb12ea9b2816d8a849021f9ce6d974b1dc07612,4
0xa8b001dd06a48adb7b9db3ae5e3d5340aaf1e3e7,4
0xab6dc0fbd276ec812e0c0510e1151a038b13d84f,4
0x07d3d47c24738c638e02228f3057a83160e03b2f,4
0x8d5619473f9bc7a15dd1a5887b16a5014ec024aa,4
0x1822d6db3af0d11ae2694978e61baae45908e96b,4
0xd2443b96bd1c25eead33bdd0a78fd9059a940562,4
0xcfafb751612794de16f084144889689e9239eec6,4
0x2ff85e8eb0dd7ceb9bdd7536e5ba25eea6ebc756,4
0x1d0e47504b85562b5ab03e43bb548d0737648764,4
0x50d461e4cc306b904ba3b640a0122c267f38c70e,4
0xdd661b78948ed1360fc62b60207709d05cb1bb56,4
0x65c636a4e6f26201f8fe9a2aff34df45a23fa373,4
0xe08753f2caf86cfa29ce24b1ca765f6f3a25a68d,4
0xe654ae0ba46ab254eb4019b40f4c9a1a2b0a921d,4
0xf2cabe91ccb244d01626cc4d80e04c06e2031948,4
0xd4293dd3c61f687dff573c1973c66f7fc0624883,4
0x951b77d7d0045ff6c133a6c66118ff40e08ed527,4
0x4e51f68940fac327b2f018b6b79109031031fe8b,4
0xad9492d5e57d950dd4de98ea810e16d7989733ed,4
0xafb8f159ccac0674c83b53cab5c7db94599bba32,4
0xd0694db7585974cb54896a34f57b49d1d35126e3,4
0xde75a7fdaece820fdb063d3372798e31deb106cf,4
0x0bf6af64903f8627d557ffb6d8d4d93019e9bbdb,4
0x083041d85809f092ba751e6eb71da1c234053d0c,4
0xf1da2630d373e1228c4803e07bda37203e5a2f88,4
0x3f83289e315249efd19b4c309a2c803d690d8650,4
0x3b7318457f091965c488dac7e58559993e4971de,4
0xd51a2f6434cb702e0b0a6cd9e70e33b720d403f3,4
0x0ef7f2b63757037f00cd69e108885d1e62b5d3f8,4
0x2a55e68727eb3409947431e13d57c84ca2c5178e,4
0x2ff5e61e40dee544c6f510a9928fb657c88c8516,4
0x4b1679f20a4a1b7f848ea12497b210f4791f4ac6,4
0xd52ef1ee063d522ac5e99e9ee2e6e4b65fc27cd6,4
0xeb8fe4df46cf9628b73a567c78df5029ca6ef024,4
0xad2846038a4bafc71b87bdbebf8ebd2c5e30c6a3,4
0x8169664663b34dfba31a7d5e92e5ba773c8af7e8,4
0xedf8aaea3ae02f4aed12bdae0d079e37eb5c1f5f,4
0x0315e4330dad50358d3efe8d7e0401fb9bc5baf1,4
0x85ff19237d9690d22f2d1be40b3aeaad7ef8a0b7,4
0xa2d05b008c49ed61432b76f61b0ba5f983b6b4f2,4
0x5f31cb7ba045c271e1a38570ac5a087238d09227,4
0x2531dac8784cc16b0f1047c5fb97a4a629c44566,4
0x259b392cb74c6e90fc0cc58a90fedcc7edf03f98,4
0x7540fc8388188ebaa82d49e5c0f2134b4430baea,4
0x72b6ab701cdf16fe01fd1b4cf87409dfec80d3a7,4
0x622cbe555c364beb70b10f1ba3952f29944381f0,4
0xe6bb9c5ec6f01977c35086c3683e5a037936c286,4
0xa5bbd9e82f60e9a181b933f7a9e99b7425408ce0,4
0xcbf8bc788624327220a47f553d79f89c6e79a0f3,4
0x04f1249a16ce271dbe81055145df0259fd7003ab,4
0xc5df0475edef0387b1b6fc393b82255f1a16efd8,4
0xafd352c961b2aed5139663dbd2223411b7f259f3,4
0xd4058fc65225ba2fb17ab2faa0a8a4b4926f516e,4
0x9a6a83d546a44cb44a182ba7df4ccdb2217405dc,4
0x557cee07243d4e188535c857f20324baae270e3e,4
0x54cf35e8ed41f9efa77939f2290f2853ac218136,4
0x7d6a3777a702be9d2a9f583c72603ac9bc984706,4
0x039f93e0204d69d87932fbd1c5b74ea141396431,4
0x44eb32e7f31cf83671b5739af66253c763b8d13e,4
0x74d6f2d61671f8ddaaa4d6c1f584d84ab8765599,4
0xd25f78ee9d89eba338b00e992bac02244cd36bb0,4
0x93adad297476fa88773c5b0d31fb9cf9e60f611e,4
0xd5ce951c54cc91b2349eede20070cd61a8ce0072,4
0x599f93f297bb772e57e9e4921b1a589a4a762146,4
0x160d91179b95621e8ed426c0f1520ae51c5801c6,4
0xbe3b3d1817578320bdde17db7a29529c9d5d5a12,4
0x737ba6d5f1c66600b67edfac47e7da6435109cca,4
0xc182aa0ecb24a674c00c76ce8f1761cc5a10611c,4
0x93b7cb29438d27e2dd33834eb5423c8cf3d9566d,4
0xdc847b21fe04f5e8331a2f0a1eef5ff5db81eb07,4
0x973aea05202c3716db94eef56da61b3f521f7972,4
0x10284712d4fa11d3f48012abca27a1616c281110,4
0xa3c441555a39776ea42b09c86ba83dada6d8ce9f,4
0x556f10a0a049954334f5f04e49d9e05b609475c9,4
0xac0f7ea3c6dc78eb3d2e6402d2f531e37bcf5e11,4
0x2c9bfaba04846bb016c62f5103f6a89ed9ecd860,4
0x83ac5c90c935ad0c4c473b556b16c5a762b353c7,4
0xfa6ef2b9a48d9cbad3b6080259aa1ba912344d91,4
0x0284f8c9b857213e893c0229cc061e9d5a26e1ef,4
0x8313b3276da9ad71c523e59b5cc56bc1aaf01e7d,4
0x0457abb8c2a2f5c589ef528d0fd5cf30dc864f87,4
0x0f1b6a83edec58fe33278759174396783b71635e,4
0xb4840cffafa28430ee8ef1b5f284ef5a47fdc5fb,4
0x23026a456ae458cb0a2796b153c2f35352457e44,4
0xe7121627ec0e5806e09e166b0a31fad8be1a01ed,4
0x13728a95e913ed952ebfa9fd078eea8039cc947e,4
0x4837332d1805495a7675f73309688ab4ce4ebc48,4
0x65901175335e057f1f5550834a3b9234175bce18,4
0xe9c3ba9c7009a82d78e081543461c88d4e7bd1c3,4
0x211f28cdc8b18d8df719575992336c3dff1e5238,4
0x317f7aa365570f3105a6725ffb647069507f6408,4
0x1e7a67f22bf651a46f85fba6ac3b6931d2293668,4
0x64af2c0744b68335dbce0a8df2ac1a8bd44e5fb0,4
0x37a2ab8a81207f77346277d0d9f4466e6d51b264,4
0x6480999cc2417c50fa8d97e3e36ee97d78fffb46,4
0xb627f1580dc2019005d74bc96ed1df9ea672515f,4
0xa0a6f1fb174f545bbbc1d3e03e2daa580039ed56,4
0x50fa252de5a162299725d08386253eb19c0c061f,4
0x3c709796a1add8a68669d8062c4a82dcbc041622,4
0x41e3a87a83a97feef756695ef8c066ecca75a54d,4
0x71eba17f7d02e686885cc6fdcd72d17fb7df33c6,4
0x96cc2d7340409d5fc3a1f24cd95e5d5f7fd5729e,4
0xc70201236319f8ed4187a63f69fc24dfa5de7143,4
0x4b20b80fd9d14421572c88661bb872ea5439cde3,4
0x954ff1dfad0acfd4f2bec7b37a237afaf47000f0,4
0x51768b7ca1f0e82c68c240b981f7433b65fd5629,4
0x3287d9ebad6bb6e0f739622d691710a496836b9d,4
0x6da8ea04192100663c07eb1a99bb5a6c5eaee14f,4
0x85df5aebad116813f198688a245b3e8f273c89c8,4
0x67c1e37d96d495c7cf9902089205192dacbb54e2,4
0x21d90e6f18f3848d9e45f34bdb4dfdde3fa09d1a,4
0x6c77db641edd31082f0b84e32c8bd2fc00172967,4
0xa767bf64e3764ae55976dc20938fba4aad3b2570,4
0xa2c1d28a0b32fc1ddf704226dcfbacd784fc0750,4
0x52509e3d2a165416e14cc5603e99957b9ce83b0f,4
0xdcb1e3face75443e5c891a02891e93e3cc4fc71d,4
0xa158bca24b5792b83bfae0c96d7e09c37550757f,4
0xba8d6600f02cd4abd93ec63eb99463a18ac75004,4
0xfc228a823e3d6e4e5abd1f2be3d3b24c35b837e5,4
0xf05cca5c697920484243c0890b115eb0c3923ad9,4
0x98154c69859d01d11534cb0a84cb44d8eb63113d,4
0xa9e6cd1901deb11ce6c98aaba48cc8ea29888594,4
0x6cf83c1c096ddde37f3a445ff9110c2735fa0b6a,4
0x69942c10ad2e603790de09862bc75d944b37347e,4
0x4bb469624140481e263731f35b7acd7d35073aac,4
0x8d252734ab40387838d4dc855a41972ea89d16a4,4
0xde9e730685559164a577d7b99e7fd6113126b19a,4
0x5ae1283093f33c5f4c1e3a4f0c97d25ec78dc51d,4
0x5989ed76aa0ffc2d6b554d3867ae503e1e83f980,4
0x61be5bf7cbe8a0011c799857d83d6e88909af4e3,4
0x2d9f4600943accd6995a6e5b366c061de174656b,4
0x612e4ee3277214259ea271fa1942c79f94893055,4
0x39d09767373221b53f499bff686cd01a3ee3e526,4
0xbd76d793de2d28dc4065b780fdcae16bf0efb738,4
0x625e542f2fa2b84ddaeaa45f945901b250f402ce,4
0xceef4b60b30c8ce384ef7bd11c815c00e81a5f87,4
0xb9fc6dace3c09b6a37c416a941346e817f47c242,4
0xdd819880f1a8d87bf0dcdaf8f6951e68c7f020a1,4
0x3361ced3cafa2a9e67881c937c35f2e38868a6a2,4
0xa9c3c2ec90b0671c2ed301b770b898ebf12229a6,4
0x529b1e2bc3e0cbbd583ba7c60db3584d2f1caeda,4
0xe93bad1ced0d19a91aa4de6d682ef3942e2ffc1f,4
0xd6671336a188971957d1ef722b3c4c1e12b2a1f1,4
0x326d616286bee6e4258c11d1c11cae800734d648,4
0xf5f6be11917589afe160a35ce64c4b83f590745b,4
0x5480da5921dad64ceec729690b95bfefaf755436,4
0x42280e048125eedd8adc22384017dfb88df896bf,4
0x1b0c99a74992439c7de1b625e9fb97192a5fbd18,4
0x29744bd7b37bde14f74d281d3badbe68b299be5f,4
0x24329c8225d0711eb1b5b200e053cbc89948845f,4
0xf112784deb2a9d52a1e7602d10fb5f4107b4c2b7,4
0x6bc6a817f162b3d1e119a395ee88bdd0bd66d2e5,4
0xd6d9aa06fd1a2ec6a8d28c18a6d2d39487c9c2a1,4
0x80da3b4ba396344860a3e4a7549486bc74d1ca09,4
0xbb9f1391221b18978c21c3cc8dd2ddecff8d9a0b,4
0x8bed476468be8f421c39a6fd21fca94187bfd670,4
0x9009c97b7bb4c0faff1aea75338f93c33b1dfacd,4
0xdf667d3707bd38e2f326a0b9b116ae453cb46f8d,4
0xeacdda5fba476c6c5590550fc4afc13c5081bfa8,4
0x3fedfc784e189d12e67f682270e7fff512149e29,4
0xcf5e4ca333e6d8269ef9deb4add3b3f27b98aa94,4
0xe1c9c3c4a70f4423bcbfdfd36dcfe5d303a9f1fd,4
0x68f2b5e05e17ba03c38f820f9c223bafc98c8300,4
0x2079e0bd4746e8f681cb461f85158d3292d5c9fc,4
0x9e3dbbac91abea3494aa490c17d75dd1eecd88cc,4
0xe11247c9ef650f6ce65c4d7ab87e355ff5806019,4
0x23894dd02bcf6137f4d3d4d66dda0cd87deb6963,4
0xf57b3384189c77f024079276aff9890b8a55565d,4
0xa3264dbf27d6482df112684e60aaf16524be51f8,4
0x06828a853f600adc51696d6366352dc84763f680,4
0x2db4e3381a82bec033f76f2a6cd9d7b3c1dc00ab,4
0x8be7410caafe1bea8fff4ebbece333fa71493098,4
0xc8f20b76e532a534d4849bdb8a27b96d7ada41ce,4
0x24381906d1c2a461620902fd0c0370cf296083bc,4
0x69c7fcba9447cb70268143d3a6b17fc8c604dffc,4
0xf456141b8fbdbe7b5417e9f5e3adc1c11cac8481,4
0x76c9251e6883704773a5539871c0c5ad25851cb9,4
0x7589c58e5e7e52e48b2c234b0fc93e8ee1b279d8,4
0x52076d4d793c171552285e1e949b280a2f4a31cb,4
0x3daddac5e7c1afa3f61de908a6094b549d2d3a8c,4
0x68f8e819645c72c217876e655436053fb3763869,4
0xd7e5be8a93c02f9c01a09116a7a0b6223682c056,4
0x2c546c8e5036423e2da121003f0e822482a6937f,4
0x44a8a911b127d9a596a1f5f6e1ce2d346f5005d2,4
0xc2a08ff99df2dd45ca5cf5bc6636954f33294830,4
0xcc97270c584747726b629198454fb64e09ed0940,4
0x666cc467057a0a80d677dcf67868bf33dba40edf,4
0xfed597f6c13090cb63512f5a98b3bc1f88ec225c,4
0xb6d392dcfcd3e0e2e3975c76c8a8541ea544d2a0,4
0x97c1c801e2e846c3ef2535d9b48c4d6efafda62d,4
0xe051e5332688a1664060f4751059a4e0ae503ee2,4
0xbf9c32b3619cf03b9916bb46b2bfd73029270d3f,4
0x671fad69bb1119a7514ffca1957106df4f22562a,4
0xcca5775b71508bf99bcd1976ca37946dcbfb1323,4
0x9de32f9156f3a2601f00408aa5567fe5c288caef,4
0xacefa697a6dbe92e43f6d6bf28b0648441b0f7ac,4
0x64d388eb664f575909f1dc2ffa4b890ef6f8f137,4
0x1992c6a2ec3023f1e39f4ae52b46433929393dc8,4
0x2e0c0bbb7f282b780ac452fb798851ca3df6d866,4
0x41a4ff7e9a29bf6850934ad32cb50a964db98c2b,4
0x02e2253ef2d695bed8314900a03dac4db5212545,4
0x7d87db2abfacdcbaa68cf80074001ecf1eccfe9a,4
0x89f11e5d209fa14e4c3a32d1c6415a277b2efd02,4
0xdac2c5d760ff866bc796ddb88dffec3d9a90b7e5,4
0x6fd9bc6d46d8a31c711e45b565533d33c45578c6,4
0x30edbaa7b7bb900956b19905266d8b245592caa7,4
0x8f167443ea46906647c4f8d12c1f2417b0fb0836,4
0x2162625032d7171e37a67fb85c8e698289c97a76,4
0x31b9d73aef72a58bc0274fb9f54229cb649ed4b4,4
0x17d72d8929e45e8e180b1e9bfb7500cfe6168db2,4
0x7fe036d94345924552307c91989e4c2425996517,4
0x386a70aafffba854552eb105203f41ce96f3f46c,4
0x5adacc8bbe97695f13294fe1c677501c873f8cdf,4
0xad166049c7dd4aca4016f47cd2c75782e6a9c3e0,4
0x3441c4ae7cd4fdefb0f6a2a4eddf423631cf6fa3,4
0x8d6e361347f7dd8f297a3396098dd4343f5bbb45,4
0x6d60200794298b98324dd38d15e9710dc5b04c89,4
0xb22dfc8eb2f8c32e745e4bf6b9ca71c84c628ff5,4
0x60083bc6ae0835cc6bb195fa64efe832bd9992ac,4
0x905af71155dbffb594c38af51f0085619a5e5664,4
0x8786172bedf8a85e0cb598a23574d57797bb8d54,4
0x79dc0e37be835f288ec1826a3ace16ae6df117f5,4
0x94b6ceb4f476be647706ca37162ed82a1f4005db,4
0xd4666b23e85c1b8ff04dab5d4b0b1fe77ca83dc7,4
0x6b1d917ce4f27019b278b8997ac13b9b63ccd06b,4
0xb8070d71efd3f0dc24b7b0f51c69ccd167e703b7,4
0xb3c42a035c883b588f7b8cf2d4f3f5390cd4c76d,4
0xc298c36eb5840a4b0e5bfb4145742b198cc9ced9,4
0x49918f3b90320bef1f20d874944f1d1ae549403d,4
0xce603e5eeee3195fd6773fb02bf97bc4e43649aa,4
0xc054a609b349a42026b743674fc7d88bc2f81bac,4
0x8c4bd544777302efdcc6c1a6d0de23b4e55494c5,4
0xbc799e0dea59360b809075dcfd1846bfcf73b154,4
0xe6c68f8780c3d960a9c765ea5f474f906832a2ff,4
0x3826450ca1fb07cdb52af8004f2588a68ac54d0b,4
0x30c842b5091bca284e6ce48f3a07d6957f17b225,4
0x0b0a6c36ad7f696a41f7de287eeb390f6167d339,4
0xe0add1761e12d1e98cc24ec80c572fbb826a0924,4
0xbf90fa156c566d0c32996dacbca0f79f8f0478a0,4
0x92ffa33404e7e341622b3d03c2876e02c35c311d,4
0xff8bcbf700246eab6f7033014375f8ed5dbbbc81,4
0xa5e75ec5ec01f7148d16493c59ee2d265a29618d,4
0x7a619067a2dff0d6b030dc6b194da1dc9035fcac,4
0xd74ebff6e8fd6f3c9aca89612f7ce73a586c9a07,4
0x49050cab54dc0a38fa5256177e31c6106ddd6059,4
0x7c32a19feff90e14023f8aec53a5d3d996485f03,4
0xa4c75caf9ae62eb7e9dc58dc6862e6d2c1bec70b,4
0xc8b7dbe4989a3b4c940bc1d666f00bcaec577289,4
0x05fde105e5cf5a7f74cdd9cfdb1f4592543610d3,4
0x18fe82d07ee4176c1dba88a2fbc1a51c1b0283fe,4
0xe6ddf1f70d8a82b73a988c992567bb9f7fef8f35,4
0xeaf3ac142060805613ca8739c203c8519b36d23e,4
0x42fb915d37f3a4ea92c29f217a74465a1f331b83,4
0x38d0ef4e11ea276ca9a61e2f7310772237f196f3,4
0xec1053caf637c4095fe73ef03634252e42d90376,4
0x90c01575e8e7ae30d686204ae5ac9b92d8912efb,4
0xd9e68d8525335d3f86158fccf8cb662ed2614085,4
0xba12c08c2690f8b8b6cbd2e09f6a9614251cabd5,4
0x05713b795e5c4942fc4e8bee52f246abe8d5e4bc,4
0xd43eb3e2a19a274131f73cf5fa139cbb3cd37e06,4
0xbb27cf004e5cbeaf1bca68d69aee686329ae2545,4
0x4436aefbc35d2c7a0e1b0181d433e7c5ef42a11d,4
0x36f8e2f70b4638335222ccca3d3b584ab9058984,4
0x9362b91997ae5b64921163a67c6c64469350a19d,4
0x8ba5908a107ed29c898b00b498fcce0d88299175,4
0x8e4cec16249590e9d2b1ae7b0c520ff2f553b3f0,4
0xbffa6264c14223245287cef2e3f740bd51c7cedf,4
0xd70d5b577b95d63cf8b302ce2e02faf392e43815,4
0x531f7fce35a242cedcd4430a60a25ded78a57c11,4
0x76f23cb5fd99aeeca2a9da813910f88ee72c7da1,4
0xade67e5b8ddba109c3358a922425df9321266b0a,4
0x355dbc749110163148c864938ff653a3c009ac2a,4
0xdf8d6afa27bce48961150c5f60e49cf489e6e3e8,4
0xa844653fe0bcc430affb4bb254b4b5e1f4caf82c,4
0x227b3f677f47fbe9e6994107316773e5244f7ae9,4
0xe0d63e439fc1ba6f470092d0f2bf634d175445fe,4
0x0ca9974caac1c6ff28f2181eda3f0a6a08e0d3c6,4
0xeb6d79456d2d5cbcc659f9b3ffce1d45b2449b92,4
0xffb898b5265f6b44f5456d1dca1eb7fd42520705,4
0xab6e665a3d76f7020e3ecf2bd80caf8159976861,4
0x902505c46d025f8baa90e1ba8cb25b9bb4d52bf0,4
0x3814e37a7970d47a112e5a8bcf2fcc1cb1a6deae,4
0xa669a107ce241629dfe07dc285c9807b6cc59ba1,4
0x776cd1ccc451bab0f8f2715b72409b30a032e5e7,4
0xbedfae5c4918fea72681f4964d3ccdce96b8ed6c,4
0xab57a9e1a500ec0165ccdbc9577f40fd683b47aa,4
0xb4f8216fdf7e2a5069a02f67931fb52d66ab89ee,4
0x4e9d5339a0a33c3d70a0967a8eeabb76c52f4de0,4
0x26a991770d72c1ff9246eadbde07a3fea8bf223b,4
0xe052b7480fac82eced3630c5256e6b4a8d99a0ee,4
0xca63df2c5ed095a80d5700ee1c6b165c0e21ee8a,4
0xcf8cd970cff7cdfd8591836077f1a93dd6f8443c,4
0xa6484da93176421c9fc6f58ff25679769ea5e765,4
0x056029c9406c59acf46fb041315a0f2c93cf3629,4
0x407e01fb07e3feaf6456d6212fa217a6f926eaad,4
0xde0bfc0aa739d75d600410248daba3243407da5c,4
0xa86379333787be5e4c493c619e18479e180e4bee,4
0x7bdd78f3e919d201878d994753ca0308bb5b3bdf,4
0x36734483240b6f62e3f50ad0833b29b1eae0a375,4
0xea948ffffb8d8f495d341175f32eafd068d6dd39,4
0x818549bd829b8f9aa13dc0de9d3242ee631a5438,4
0xc93ae7dcf3bbe175782fe4386ea46e7c8ef3937d,4
0x8ba0e6c581e0fc646511982cabc78d9da78270bc,4
0x3ce9ac0dd8277e2993e83534d15e65caf00165ed,4
0x883299a83b1fcf8d1c0737bb4af37949f829e4dd,4
0x10f3823a55c212ff2f5b6b3accfb82c1606b2140,4
0x3fe614375a6dc4b4166fe6bbd106ec90cf283697,4
0xe04df05ab78601227ec252cef454eb682b632450,4
0x6517029b15127e44e44be1779b0e27584f3ae411,4
0xda370ffb09574d557eefad2f41bd4fd3a53f27a0,4
0x03b6d486e3b9c0ca35761e968deb14cd627ea821,4
0x397e11557bd3b017fdec20f50b7faf0de864b38a,4
0xd7957632c7906cce1076e44f4df20540f8f619e8,4
0x0d796374c2cf82bfd01a4d1c31a1a3af6803d8fb,4
0x676b66d130d194f1a5d13c9ce8ff96bf4c94994d,4
0x820094b7942f39a635609c6268f7311e4c661d71,4
0x2e037e50f86ff99aec58637e900c3c1c460805bb,4
0xffb248ee34a9a09f32551a49e85bb3ffce679669,4
0x393f45d898b8991e5a91e8749b2927896442380c,4
0x10f31b9eea4aba7e45fb54ae29d9df067a9ba839,4
0xf1fb08d67cbe66858b947608a323b5ba72bb6489,4
0x0ba31788196835f4d3ae1bc477b1969304ffca31,4
0x06b6c34981342c204fec66c8f3c7f547d86be935,4
0x70b2ee03ed78855c612f9ca0bed658aa740d24c1,4
0xe0ee8ef360141f8a510bba99de25f1bf832470c8,4
0x12c0605d3032208d266342bd893676ae75698cb3,4
0xfc8ea2c88b04c78e4e1370d0ca7bd70fc76d48a3,4
0x3541e846b3a4e3d67ce7d4342025a92285c2e291,4
0xf5def8f7fe91a7a1e2a41f3e56a0414eeaee779e,4
0xa0dd82cf429ffbf2ee2bb59267f035f36625fd79,4
0x53d4298e9fd219759b8fbbc9ed04b99a8eca4889,4
0xb3f81ed2eb2f8c810f6e79047b1ca7da609cc570,4
0x24a0570e49b9f29f6366f7783b9cf1c923025cbd,4
0x4a5cdf915d554b6b0d94f7388ff52a1477104212,4
0x5692b3497d5796a8f57ecc22d7364b444557d451,4
0xcff9356eb1056a436e349630dd7334e06940f5fd,4
0x1e05d8e596d502ca1c058db852299e572dba3b6f,4
0xa6d11ec344cd0487ddee6418eababd633454be24,4
0xd6c32b0ac1bb13c6f53953b433f1a008e4e03b02,4
0xcc180ce341268a934aa995aa1e61e0dc58356103,4
0x730bbe154972f467062b3d91130ad36e67e55ca2,4
0x5913ef48884f375faa43e320377cf02c6b1b1ad7,4
0xe3f0261d8ee5a21f0bd96d696154622d0358209f,4
0x5feb99950fb969ab95ff9e0d587751fa70eb4d6c,4
0xaa8b650b65514256494c31f6f7b693ab3c42569c,4
0x922bdd996de205f8c3a30b69526c141ba42242ea,4
0x7d80cb9928a9727efed09bde62c8148a35e77ec2,4
0x614b7817fafbf6bd4d46f7f07fa46a137c1c564b,4
0x5c42caaadab9f337e4cf017c9fcebe76a3b549d2,4
0x738c5eb7016be88bac068ea68b3761f4cb8e21c7,4
0xabe7bdea54e67b070655594cf9e9f59e6f29b63a,4
0x5a7614e0415ce65f50682a096df14eb3cf829d1a,4
0xdd7ef87d86db8bdbcdfcd1696364cab9dabd094d,4
0x26f3eaf0fcb30d2129cb5792e47ad6db512b7c00,4
0xb10a33e520d5d891833922f705149f1585f30c2b,4
0x4457fbc396a860d8033f09e06b3d1ec102ccd19e,4
0xe31959882e951c2895c0fd0f1d28215ca917aa8a,4
0x85e5ec20502f8aba5a949451dcc83e9d2a337e34,4
0xb3389cd9cc90b185c046648c7f5c3666f0766958,4
0xbff18e130366ea9148e8736b97ae3e651518a00f,4
0x22ad0bdb073bc93f56ea4f2e95d13fdcbb0d8354,4
0x6b15d34a2aa15309664a9007a1518a7660aeb2ec,4
0xd54e626a30932e35d3242cb493a427702dcc0a80,4
0xcf444c7efbff36f78ee34a29e24714db294f6ca4,4
0x64bd1d7848d2d6f2b0f950da2a96245b05d06759,4
0xbb366fed8dfc2f91bda63243b33ea836b9f0a1b0,4
0xadcf1c25c9417072708271e8ece7c3675e2b2be8,4
0x0d83a08fa8d5e86bf90ade1de9f88d0a44e00ab8,4
0xfe7cf46cd9c4100f690c0811b7c6a5333de32cac,4
0xa7f89555236aa2c814cfb65fd92308bdb2587584,4
0xe821420208a2f2c6c802e3e35222e0077444fd78,4
0xe8a0a5fb9e5f7e77b7b11abe1b7ed7c53776fc4d,4
0xec7036e6a23cb760b659f7aab9c21e0485cd02e0,4
0xf3fdf353a00248fc070b479c4c6434f85ba05cd5,4
0xc88009180202ff3b79476a70066feb101edc979a,4
0xa43157c581155556f9b571126d287df606b9a628,4
0x5bd40279e55db8ebade1d5ffd7e94a963208985a,4
0x9d36abc3ae6b3a14bd3ef605b55a4c1aab720e84,4
0x98df26ba003d312830c58539f4be08d80d931b94,4
0x4536f35cf89d8ccc7265a369dbceee57787a63ef,4
0xc4ee71e16f153884baba436f4d7eb128edb6fc25,4
0x5cce346b3315933c7b094cd5758867418fc6581d,4
0x2897dca2d2c4c168a1666306c9660db5bc8e0079,4
0x98c2cd08c5d3163afc473bbbe8742855bfdfc775,4
0x9a7144794e5a43c9a15e9706bd650f830fcc03ee,4
0x0ade188df50276e410007351b3880871f338b077,4
0x22fbab2c330bc6d92173e283463a1ab14add6a39,4
0x312a70da2710e09cb9fcbb03c0748d0e5bf08571,4
0xf47c0e66ec491658ca50c91f47a6ddada9c977bd,4
0x5697c11ba63752fec49adf9df6af66c50538c608,4
0x662f6a79177bfe00a7dafad99b7af02933125cc6,4
0x8ed07226efac3f6e3543626accf302095008b613,4
0xefa1427b8a61e29f15283ad86b40f4b78ebe9a05,4
0x3aadc714de9c23d7f0e0a81f629a77189c214311,4
0xac7b1d956b3c8fc2ec02ee350e07f3fb56e96b54,4
0x2743735c2aa5a0f923d36d04ecf480d713bf225f,4
0xde1f048761425969bd5295e24fd2c462018e167f,4
0x528a922e7ec5ff6b7ad9c5352fec29fdb1a36b04,4
0x49ebf8ec9547829904be2a66599990125ffc1d56,4
0xc0b45935eb39405d456a778c722dc7ae7af624d8,4
0xf5d33dffd1a31af24ab9cd493957e74fcbf2eef3,4
0xdb0274b557dbd3b5b192d7681805afbb02f3050b,4
0x1d71d9d98497fb2740fac41af7aef47ef8ec9ca7,4
0x14d693b5fe2e7ab6e313604b051fbcab6ee364af,4
0x54c4eb7916afd229ad49ccb03f41a04c94aaa1e9,4
0x6ded7cf056c337c6483b84f1a491d7dd44c1715a,4
0x8846a62a014e0779382acdc39dddb8cdef39192a,4
0x0f7c548c3c100e1ad6a1f092d95884cc4dcef4bb,4
0xc5ded5eeb2bf632e849a94e5dbb227601865bd2d,4
0xd2fae3807b07b33141648f45ee7ebdd777d98d9b,4
0xe09227dda220efa85c96f9e4ab8fbd01859da708,4
0x457f906e2aa73dc419b3dcfc755a96a4bd2cb174,4
0xd350bad96bd3bbb655bf0247101039e0aa4a7fb5,4
0xf58305d85a6c2ca616f4c06b329edbb76ea5bf69,4
0x6f0d7d31f8124621a91c7d27803f60dbf54e42bc,4
0x2f930c48319a3f6aef8a50587c5ddb7c40421383,4
0xfad36a7d3ef6aa7e9f7ba744e0b476aad504ace5,4
0x7c5ff136b12658232491084cc9aff9c3310ff59a,4
0x84da37133a088fbf4e21d80aec2cc260b52ea116,4
0xf14938422477069714d9aa407547c8feaa8f7b50,4
0xf192cda853fc9413eddaf4f5066b3c4d9962bc4f,4
0xbb19d7886be4f1344cd959a24966f6fde26302b6,4
0x9381400de24c97d4f747d85e655227855439f11e,4
0xba0038ad9906e72c34df871e8e3c3012b32182cc,4
0xdd38e1f0eb28a94236193bd4a1c463c8a177284c,4
0x4c8ad181a8b891de450a50e31a003d0e530a6359,4
0x628d44d8a679b7c0115f0608d67e6a4687943dfe,4
0x5a09e3fdb828ec32af3b4216bbda060de51ee72a,4
0xa729b0a53cd1e7cd521153c51929a013e280b138,4
0x1a2657e1c204d3d4116f645be5c67b7db178ce93,4
0x6c23bd863fdbfdbe9c91a954863185a0f2ae4721,4
0x82b678ca6cb58c57dea364cf22aaf4a682141218,4
0xa27497315553eb215a13bb7c49000366bc067337,4
0xa7a11bf033c42b26bb1b0a627aef94f25d9a94ec,4
0xa644ecd0a4bf13de4a0ba74b33eba15b7a3c6549,4
0xdd215e90511457205008ee7817922b53a491b49f,4
0xe3b96aeb3041858c0a7188ebb07da8661b1ea526,4
0xea142e8e85f8b94d219fa2ce8c2f2659c8a02ce8,4
0x97b3ba3ed727082aeefc30f46f7d648938a06d39,4
0x30e5a50e814cb0342123eb06b19895ba14354d53,4
0xca261418513ea74ef1416d5bbb1edbe3d24dcb57,4
0xa6202647389757ed418238ea5c947ea95db33dfe,4
0x5d6f52b8e83af98e3f07a4a60c23f536498fb3be,4
0x000008e45079fdcff2f4655203f85c8ba443548c,4
0x0c8ab35eaced5e2a5a1bc468743156d4aa5e9268,4
0xb23326ddf67f6cda92ab78132ee50f04311dc78b,4
0xaef03490668f63506fd73e64c27b51dff9f3fa64,4
0xe116d5f4ccd817e93a4827b4b1166fb3fa61bec5,4
0x2daeadafa56430fd7b26366f8282ac0091012875,4
0x3ad14fefdfb85bccbc3853f25200a320c6670d0a,4
0xfff411277c911395d7158e0a04be426ddecc2d12,4
0xbfe658f241e8fb6382dc1310881c7878ae20714a,4
0x4b78b08c7aae42a53a8cfaaa22e333e4391e360f,4
0x711dc5b0fef1184b231c9248d0017a0f43afd6fa,4
0xdff047d0137c1d6e8dbbcb5c1fd8b02830cbd692,4
0x115c2034f737bb787155b7e1eaaed1ec4222446e,4
0x77059a202bffa20847f924bac7c94fb386247147,4
0x7d6f2f8f9370f42c80cb9c6f5e63d07815b64ecc,4
0xef61514497ce540596195a81c0cbf6ed58509f59,4
0xfbcc618980f92e8a42bb36319343e96112836835,4
0xef105c6f9beef241f4b259af43425a405f8952de,4
0xb4d44beba47e16f825ebd1d544769b29a343cf38,4
0xd36992bc82546eb55c46cf360a3d2430b21c4ab7,4
0x49c9ce833f79ae19a9da0b2b3060cceb180279b7,4
0x2fd2c0b3f2a615d964ebf3150d4ff7edc98d4d4c,4
0x2d62ffd72ca64a9fc341419c49da7ac095ac5bb2,4
0x8c4f3355862452e8e90c12094be1d25f84d91f16,4
0xc117f8a5fb540298d5b0307933590994350ccd34,4
0x92f9ef3959fe8ffdab48a8d6e3052f76f5390dc4,4
0x9008de0d3e0d624cf6a426be5704171a57027fa3,4
0xee9135a1241b37335445bb9aab85f4662407a01d,4
0xc5393ea2bc02e681d09718d9da02bf3b89a6afc3,4
0x38db35362a195b3bb74619f3b790aa47ec8ad482,4
0x4ce2b6740a0c853a180ba52d463ee39604537087,4
0xb158b06b6519b7d761ed4bcbdecd5eb31d5e3278,4
0xa4898858c129f8bad8ad066dd7a4ab370f3b9408,4
0xe0c90318aa2597cbd42ced9ed76025f49474a3e2,4
0x000b3719d02e7cee9ad8d0258f728299f228e1ac,4
0xd5ec5c9cda4260a1774d23611999a8ffbd1dffdf,4
0xd22769fd3ee303ea8facaf9294f6ca526ac8d643,4
0x1bdadc5a2c899ce2cc11ca928009318554a3f899,4
0xce1c0db06a8e0839472f65abc2e5165075b8df69,4
0x949fa2427eb42af655baeefb7c696206470c6bdf,4
0x4510c80798935a827a699beb5521d06c947f9624,4
0xdb5e3bb8b976bffe90367b799d78cb90bb4b4e97,4
0x419a2b160c0db5da0011d8aa96f86d7a6fdd25a5,4
0x8a878df309e701f8ad377824e0792f4fdb82e2d8,4
0xece56694505e1fadfaf16cc53306ea45f76c3a14,4
0xe93da1681efddfdd23aa63c485c5e5dee1f07c9e,4
0xe9efd3e1eaa3e70fe86e9f5e549bdfcc3abc80d2,4
0xe2a500a3e99cc4bd07a293d486933756c839a966,4
0xca91de91b616f99358505d8b32e7fb3f98eff533,4
0xe954f4c5249c505876dec5324754ac91471ecc36,4
0xc2e47b92060fb4c1e673840b5b5b14d51adc4bd6,4
0xea75924c3b708da11482051ce68d5fbeb7547f08,4
0xbcec4e1f190c1b07a6d8b9c0c74504415d8a8736,4
0xf986e970408a3632e10e8e836c1276027d2a2f3c,4
0xc6775756b800d53cc537fd4626b2255fc4f80200,4
0xb76664e56f499f2435fd6c55c095464b62204185,4
0xe02a1638f8fe3308f51511222e078cfe0168a348,4
0xe1a948ac9474546fb27e3ca4d0074577160e6d0e,4
0xbf55364cc721c3c53e7612be6aaa98414acb2f9b,4
